Book Id,Title,Author,Author l-f,Additional Authors,ISBN,ISBN13,My Rating,Average Rating,Publisher,Binding,Number of Pages,Year Published,Original Publication Year,Date Read,Date Added,Bookshelves,Bookshelves with positions,Exclusive Shelf,My Review,Spoiler,Private Notes,Read Count,Owned Copies
27276318,"It Ends with Us (It Ends with Us, #1)",Colleen Hoover,"Hoover, Colleen",,"=""1501110365""","=""9781501110368""",0,4.25,Atria Books,Paperback,367,2016,2016,,2023/06/15,,,read,,,,1,0
41733839,The Great Gatsby,F. Scott Fitzgerald,"Fitzgerald, F. Scott",Jesmyn Ward,"=""0743273567""","=""9780743273565""",0,3.93,Scribner,Paperback,180,2018,1925,,2023/06/15,,,read,,,,1,0
58613424,"Harry Potter and the Goblet of Fire (Harry Potter, #4)",J.K. Rowling,"Rowling, J.K.",Mary GrandPré,"=""0439139597""","=""9780439139595""",0,4.56,Scholastic Inc.,Hardcover,752,2000,2000,,2023/06/15,,,read,,,,1,0
60481026,Pride and Prejudice,Jane Austen,"Austen, Jane","Tony Tanner, Vivien Jones","=""0141439513""","=""9780141439518""",0,4.28,Penguin Books,Paperback,435,2003,1813,,2023/06/15,,,read,,,,1,0
58613380,"Harry Potter and the Sorcerer's Stone (Harry Potter, #1)",J.K. Rowling,"Rowling, J.K.",Mary GrandPré,"=""0590353403""","=""9780590353403""",0,4.47,Scholastic Inc.,Hardcover,320,1998,1997,,2023/06/15,,,read,,,,1,0
60184782,To Kill a Mockingbird,Harper Lee,"Lee, Harper",,"=""0061120081""","=""9780061120084""",0,4.27,Harper Perennial Modern Classics,Paperback,323,2022,1960,,2023/06/15,,,read,,,,1,0
59130390,The Diary of a Young Girl,Anne Frank,"Frank, Anne","Otto H. Frank, Mirjam Pressler, Susan Massotty","=""0553577123""","=""9780553577129""",0,4.18,Bantam Books,Mass Market Paperback,335,1997,1947,,2023/06/15,,,read,,,,1,0
489732,The Picture of Dorian Gray,Oscar Wilde,"Wilde, Oscar",Robert Mighall,"=""0141439572""","=""9780141439570""",0,4.12,Penguin Classics,Paperback,253,2003,1890,,2023/06/15,,,read,,,,1,0
58325858,1984,George Orwell,"Orwell, George",Erich Fromm,"=""0451524934""","=""9780451524935""",0,4.19,Signet Classic,Mass Market Paperback,328,1993,1949,,2023/06/15,,,read,,,,1,0
32929156,Wuthering Heights,Emily Brontë,"Brontë, Emily","Pauline Nestor, Lucasta Miller","=""0141439556""","=""9780141439556""",0,3.88,Penguin Classics,Paperback,359,2016,1847,,2023/06/15,,,read,,,,1,0
1880504,Little Women,Louisa May Alcott,"Alcott, Louisa May",Louise Rennison,"=""014240876X""","=""9780142408766""",0,4.14,Puffin Books,Paperback,777,2008,1868,,2023/06/15,,,read,,,,1,0
44696835,The Perks of Being a Wallflower,Stephen Chbosky,"Chbosky, Stephen",,"=""0671027344""","=""9780671027346""",0,4.22,MTV Books/Pocket Books,Paperback,213,2002,1999,,2023/06/15,,,read,,,,1,0
24006996,The Bell Jar,Sylvia Plath,"Plath, Sylvia",,"=""0061148512""","=""9780061148514""",0,4.04,Harper Perennial,Paperback,259,2013,1963,,2023/06/15,,,read,,,,1,0
59926998,Romeo and Juliet,William Shakespeare,"Shakespeare, William","Paul Werstine, Barbara A. Mowat","=""0743477111""","=""9780743477116""",0,3.74,Simon & Schuster Paperbacks,Mass Market Paperback,301,2011,1597,,2023/06/15,,,read,,,,1,0
25239464,Sense and Sensibility,Jane Austen,"Austen, Jane","Ros Ballaster, Tony Tanner","=""0141439661""","=""9780141439662""",0,4.08,Penguin Classics,Paperback,381,2014,1811,,2023/06/15,,,read,,,,1,0
13356708,"The Return of the King (The Lord of the Rings, #3)",J.R.R. Tolkien,"Tolkien, J.R.R.",,"=""054792819X""","=""9780547928197""",0,4.56,Mariner Books,Paperback,406,2012,1955,,2023/06/15,,,read,,,,1,0
34689759,Gone With the Wind,Margaret Mitchell,"Mitchell, Margaret",Pat Conroy,"=""1451635621""","=""9781451635621""",0,4.30,Scribner,Paperback,959,2011,1936,,2023/06/15,,,read,,,,1,0
20510108,The Da Vinci Code (Robert Langdon #2),Dan Brown,"Brown, Dan",,"=""0307474275""","=""9780307474278""",0,3.90,Anchor Books,Mass Market Paperback,624,2020,2003,,2023/06/15,,,read,,,,1,0
151,Anna Karenina,Leo Tolstoy,"Tolstoy, Leo","Richard Pevear, Larissa Volokhonsky","=""0143035002""","=""9780143035008""",0,4.08,Penguin Classics,Paperback,838,2004,1878,,2023/06/15,,,read,,,,1,0
17165596,The Kite Runner,Khaled Hosseini,"Hosseini, Khaled",,"=""159463193X""","=""9781594631931""",0,4.33,Riverhead Books,Paperback,371,2013,2003,,2023/06/15,,,read,,,,1,0
42760917,The Metamorphosis,Franz Kafka,"Kafka, Franz",Stanley Corngold,"=""0553213695""","=""9780553213690""",0,3.85,Bantam Classics,Paperback,202,1986,1915,,2023/06/15,,,read,,,,1,0
18901575,One Hundred Years of Solitude (Harper Perennial Modern Classics),Gabriel García Márquez,"Márquez, Gabriel García",Gregory Rabassa,"=""0060883286""","=""9780060883287""",0,4.11,Harper Perennial Modern Classics,Paperback,417,2006,1967,,2023/06/15,,,read,,,,1,0
62912571,A Room of One's Own,Virginia Woolf,"Woolf, Virginia",Mary Gordon,"=""0156787334""","=""9780156787338""",0,4.20,Harvest Books,Paperback,114,,1929,,2023/06/15,,,read,,,,1,0
176108,The Outsiders,S.E. Hinton,"Hinton, S.E.",,"=""014240733X""","=""9780142407332""",0,4.12,Viking Books for Young Readers,Paperback,198,2006,1967,,2023/06/15,,,read,,,,1,0
51471539,"The Shadow of the Wind (The Cemetery of Forgotten Books, #1)",Carlos Ruiz Zafón,"Zafón, Carlos Ruiz",Lucia Graves,"=""0143034901""","=""9780143034902""",0,4.29,Penguin Books,Paperback,512,2008,2001,,2023/06/15,,,read,,,,1,0
50272879,The Joy Luck Club,Amy Tan,"Tan, Amy",,"=""0143038095""","=""9780143038092""",0,3.96,Penguin Book,Paperback,329,2019,1989,,2023/06/15,,,read,,,,1,0
45126182,Siddhartha,Hermann Hesse,"Hesse, Hermann",Hilda Rosner,"=""0553208845""","=""9780553208849""",0,4.06,Bantam Books,Mass Market Paperback,152,1971,1922,,2023/06/15,,,read,,,,1,0
58461500,One Flew Over the Cuckoo's Nest,Ken Kesey,"Kesey, Ken",,"=""0451163966""","=""9780451163967""",0,4.20,Signet,Mass Market Paperback,325,1993,1962,,2023/06/15,,,read,,,,1,0
45322593,Oliver Twist,Charles Dickens,"Dickens, Charles",Philip Horne,"=""0141439742""","=""9780141439747""",0,3.88,Penguin Books,Paperback,608,2003,1838,,2023/06/15,,,read,,,,1,0
3835,Don Quixote,Miguel de Cervantes Saavedra,"Saavedra, Miguel de Cervantes","Edith Grossman, Harold Bloom","=""0060934344""","=""9780060934347""",0,3.89,Ecco,Paperback,940,2005,1605,,2023/06/15,,,read,,,,1,0
3774496,War and Peace,Leo Tolstoy,"Tolstoy, Leo","Richard Pevear, Larissa Volokhonsky","=""1400079985""","=""9781400079988""",0,4.15,Vintage Classics,Paperback,1273,2011,1867,,2023/06/15,,,read,,,,1,0
48985689,"Night (The Night Trilogy, #1)",Elie Wiesel,"Wiesel, Elie","Marion Wiesel, François Mauriac","=""0374500010""","=""9780374500016""",0,4.36,Hill and Wang,Paperback,120,2006,1956,,2023/06/15,,,read,,,,1,0
56167874,A Clockwork Orange,Anthony Burgess,"Burgess, Anthony",,"=""0393312836""","=""9780393312836""",0,4.00,W. W. Norton & Company,Paperback,192,1989,1962,,2023/06/15,,,read,,,,1,0
58666654,The Godfather,Mario Puzo,"Puzo, Mario","Robert Thompson, Peter Bart","=""0451205766""","=""9780451205766""",0,4.38,Berkley,ebook,,2019,1969,,2023/06/15,,,read,,,,1,0
54872718,Flowers for Algernon,Daniel Keyes,"Keyes, Daniel",,"=""015603008X""","=""9780156030083""",0,4.19,Harcourt,Mass Market Paperback,311,2004,1959,,2023/06/15,,,read,,,,1,0
60496776,The Sun Also Rises,Ernest Hemingway,"Hemingway, Ernest",,"=""0743297334""","=""9780743297332""",0,3.80,Scribner,Paperback,251,2022,1926,,2023/06/15,,,read,,,,1,0
35125819,David Copperfield,Charles Dickens,"Dickens, Charles",,"=""185326024X""","=""9781853260247""",0,4.02,Wordsworth Editions Limited,Paperback,750,2000,1850,,2023/06/15,,,read,,,,1,0
57660147,As I Lay Dying,William Faulkner,"Faulkner, William",,"=""""","=""9780679732259""",0,3.71,Vintage,Paperback,267,1990,1930,,2023/06/15,,,read,,,,1,0
59716231,Tender Is the Night,F. Scott Fitzgerald,"Fitzgerald, F. Scott",Charles Scribner,"=""068480154X""","=""9780684801544""",0,3.79,Scribner,Paperback,,2003,1934,,2023/06/15,,,read,,,,1,0
49563,The Trial,Franz Kafka,"Kafka, Franz","Edwin Muir, Willa Muir, Elizabeth M. Butler, George Steiner","=""0805210407""","=""9780805210408""",0,3.96,Schocken Books,Paperback,281,1995,1925,,2023/06/15,,,read,,,,1,0
592951,Waiting for Godot,Samuel Beckett,"Beckett, Samuel",,"=""0571229115""","=""9780571229116""",0,3.84,Faber and Faber,Paperback,87,2006,1952,,2023/06/15,,,read,,,,1,0
62970358,"Tuesdays with Morrie: An Old Man, a Young Man, and Life's Greatest Lesson",Mitch Albom,"Albom, Mitch",,"=""076790592X""","=""9780767905923""",0,4.16,Broadway Books,Paperback,192,2022,1997,,2023/06/15,,,read,,,,1,0
59484009,A Separate Peace,John Knowles,"Knowles, John",David Levithan,"=""0743253973""","=""9780743253970""",0,3.59,Scribner,Paperback,206,2021,1959,,2023/06/15,,,read,,,,1,0
765418,Leaves of Grass: The First (1855) Edition,Walt Whitman,"Whitman, Walt",Malcolm Cowley,"=""0140421998""","=""9780140421996""",0,4.12,Penguin Classics,Paperback,145,1961,1855,,2023/06/15,,,read,,,,1,0
46126707,Ulysses,James Joyce,"Joyce, James","Morris L. Ernst, John M. Woolsey","=""0679722769""","=""9780679722762""",0,3.75,Vintage,Paperback,783,,1922,,2023/06/15,,,read,,,,1,0
60130132,The Five People You Meet in Heaven,Mitch Albom,"Albom, Mitch",,"=""1401308589""","=""9781401308582""",0,3.98,Hyperion,Paperback,196,2003,2003,,2023/06/15,,,read,,,,1,0
56497741,The Fountainhead,Ayn Rand,"Rand, Ayn",Leonard Peikoff,"=""0451191153""","=""9780451191151""",0,3.88,Signet Book,Mass Market Paperback,704,2020,1943,,2023/06/15,,,read,,,,1,0
40526,"Time and Again (Time, #1)",Jack Finney,"Finney, Jack",,"=""0575073608""","=""9780575073609""",0,3.95,Orion Publishing Group,Paperback,400,2012,1970,,2023/06/14,"to-read, gilmore-girls","to-read (#334), gilmore-girls (#335)",to-read,,,,0,0
16282857,My Struggle: Book 1,Karl Ove Knausgård,"Knausgård, Karl Ove","Don Bartlett, Edoardo Ballerini","=""""","=""""",0,4.09,Recorded Books ,Audiobook,,2014,2009,,2023/06/14,"to-read, gilmore-girls","to-read (#335), gilmore-girls (#336)",to-read,,,,0,0
534255,Autobiography of a Face,Lucy Grealy,"Grealy, Lucy",Ann Patchett,"=""0060569662""","=""9780060569662""",0,3.97,Harper Perennial,Paperback,236,2003,1994,,2023/06/14,"to-read, gilmore-girls","to-read (#336), gilmore-girls (#337)",to-read,,,,0,0
22165,American Steel,Richard   Preston,"Preston, Richard",,"=""0380718227""","=""9780380718221""",0,4.12,Avon Books,Paperback,278,1992,1991,,2023/06/14,"to-read, gilmore-girls","to-read (#333), gilmore-girls (#334)",to-read,,,,0,0
469571,"All the Pretty Horses (The Border Trilogy, #1)",Cormac McCarthy,"McCarthy, Cormac",,"=""0679744398""","=""9780679744399""",0,4.02,Vintage,Paperback,302,1993,1992,,2023/06/14,"to-read, gilmore-girls","to-read (#331), gilmore-girls (#332)",to-read,,,,0,0
32736,Tevye the Dairyman and the Railroad Stories,Sholom Aleichem,"Aleichem, Sholom",Hillel Halkin,"=""0805210695""","=""9780805210699""",0,4.17,Schocken,Paperback,309,2004,1894,,2023/06/14,"to-read, gilmore-girls","to-read (#332), gilmore-girls (#333)",to-read,,,,0,0
24583,The Adventures of Tom Sawyer,Mark Twain,"Twain, Mark","Guy Cardwell, John Seelye, Amanda Lee, Mark Hallaq","=""""","=""9780143039563""",0,3.92,Penguin Classics,Paperback,244,2006,1876,,2023/06/14,"to-read, gilmore-girls","to-read (#326), gilmore-girls (#327)",to-read,,,,0,0
376579,The Andy Warhol Diaries,Andy Warhol,"Warhol, Andy",Pat Hackett,"=""0446391387""","=""9780446391382""",0,3.92,Grand Central Publishing,Paperback,807,1991,1989,,2023/06/14,"to-read, gilmore-girls","to-read (#327), gilmore-girls (#328)",to-read,,,,0,0
990494,"Swimming With Giants: My Encounters With Whales, Dolphins, and Seals",Anne Collet,"Collet, Anne",,"=""1571312447""","=""9781571312440""",0,3.90,Milkweed Editions,Hardcover,228,2000,2000,,2023/06/14,"to-read, gilmore-girls","to-read (#328), gilmore-girls (#329)",to-read,,,,0,0
22318578,The Life-Changing Magic of Tidying Up: The Japanese Art of Decluttering and Organizing,Marie Kondō,"Kondō, Marie",,"=""1607747308""","=""9781607747307""",0,3.87,Ten Speed Press,Hardcover,213,2014,2010,,2023/06/14,"to-read, gilmore-girls","to-read (#329), gilmore-girls (#330)",to-read,,,,0,0
74462,Unless,Carol Shields,"Shields, Carol",,"=""""","=""""",0,3.63,Fourth Estate,Paperback,320,2003,2002,,2023/06/14,"to-read, gilmore-girls","to-read (#330), gilmore-girls (#331)",to-read,,,,0,0
19202652,"El príncipe de la niebla (Niebla, #1)",Carlos Ruiz Zafón,"Zafón, Carlos Ruiz",,"=""""","=""""",0,3.78,Editorial Planeta,Kindle Edition,244,2010,1993,,2023/06/14,"to-read, gilmore-girls","to-read (#325), gilmore-girls (#326)",to-read,,,,0,0
1487493,"Absolute Rage (Butch Karp, #14)",Robert K. Tanenbaum,"Tanenbaum, Robert K.",,"=""0743403452""","=""9780743403450""",0,3.99,Pocket Books,Mass Market Paperback,480,2003,2002,,2023/06/14,"to-read, gilmore-girls","to-read (#321), gilmore-girls (#322)",to-read,,,,0,0
27362503,"It Ends with Us (It Ends with Us, #1)",Colleen Hoover,"Hoover, Colleen",,"=""""","=""""",0,4.25,Atria Books,Kindle Edition,386,2016,2016,,2023/06/14,"to-read, gilmore-girls","to-read (#322), gilmore-girls (#323)",to-read,,,,0,0
22483,Social Origins of Dictatorship and Democracy: Lord and Peasant in the Making of the Modern World,Barrington Moore Jr.,"Jr., Barrington Moore",,"=""0807050733""","=""9780807050736""",0,4.00,Beacon Press,Paperback,592,1993,1966,,2023/06/14,"to-read, gilmore-girls","to-read (#323), gilmore-girls (#324)",to-read,,,,0,0
53835,The Age of Innocence,Edith Wharton,"Wharton, Edith",Maureen Howard,"=""159308143X""","=""9781593081430""",0,3.96,Barnes & Noble Classics,Paperback,293,2004,1920,,2023/06/14,"to-read, gilmore-girls","to-read (#324), gilmore-girls (#325)",to-read,,,,0,0
25111004,November 9,Colleen Hoover,"Hoover, Colleen",,"=""1501110349""","=""9781501110344""",0,4.20,Atria Books,Paperback,310,2015,2015,,2023/06/14,"to-read, gilmore-girls","to-read (#319), gilmore-girls (#320)",to-read,,,,0,0
7410,A Monetary History of the United States 1867-1960,Milton Friedman,"Friedman, Milton",Anna Jacobson Schwartz,"=""0691003548""","=""9780691003542""",0,4.01,Princeton University Press,Paperback,888,1971,1963,,2023/06/14,"to-read, gilmore-girls","to-read (#320), gilmore-girls (#321)",to-read,,,,0,0
31180330,Split Rock,Holly Hodder Eger,"Eger, Holly Hodder",,"=""""","=""""",0,3.97,Conzett Verlag,Paperback,368,2016,2016,,2023/06/14,"to-read, gilmore-girls","to-read (#316), gilmore-girls (#317)",to-read,,,,0,0
31350872,"The Prophecy: The girl will be born of two foes, created to conquer and devastate the lands. They will all fall.",Angela  Watson,"Watson, Angela",,"=""""","=""""",0,4.40,,Kindle Edition,578,2016,,,2023/06/14,"to-read, gilmore-girls","to-read (#317), gilmore-girls (#318)",to-read,,,,0,0
2667881,Written in Blood,Robert Debs Heinl,"Heinl, Robert Debs","Nancy Gordon Heinl, Michael Heinl","=""0761802290""","=""9780761802297""",0,4.09,University Press of America,Hardcover,902,1997,1978,,2023/06/14,"to-read, gilmore-girls","to-read (#318), gilmore-girls (#319)",to-read,,,,0,0
1108863,My Life in Orange,Tim Guest,"Guest, Tim",,"=""1862077207""","=""9781862077201""",0,3.50,Granta Books,Paperback,320,2005,2004,,2023/06/14,"to-read, gilmore-girls","to-read (#312), gilmore-girls (#313)",to-read,,,,0,0
267243,Ironweed,William  Kennedy,"Kennedy, William",,"=""0743263065""","=""9780743263061""",0,3.87,Simon & Schuster Ltd,Paperback,208,2004,1983,,2023/06/14,"to-read, gilmore-girls","to-read (#313), gilmore-girls (#314)",to-read,,,,0,0
2764420,Myra Waldo's Travel And Motoring Guide To Europe,Myra Waldo,"Waldo, Myra",,"=""0020988206""","=""9780020988205""",0,2.55,,,,,,,2023/06/14,"to-read, gilmore-girls","to-read (#314), gilmore-girls (#315)",to-read,,,,0,0
47173,The Norton Anthology of Theory and Criticism,Vincent B. Leitch,"Leitch, Vincent B.","William E. Cain, Laurie A. Finke, Barbara E. Johnson, John McGowan, Jeffrey J. Williams","=""0393974294""","=""9780393974294""",0,4.14,W. W. Norton & Company,Hardcover,2624,2001,2001,,2023/06/14,"to-read, gilmore-girls","to-read (#315), gilmore-girls (#316)",to-read,,,,0,0
35269826,"This Is Water: Some Thoughts, Delivered on a Significant Occasion, about Living a Compassionate Life",David Foster Wallace,"Wallace, David Foster",,"=""""","=""""",0,4.49,"Little, Brown and Company",Kindle Edition,155,2009,2009,,2023/06/14,"to-read, gilmore-girls","to-read (#311), gilmore-girls (#312)",to-read,,,,0,0
722041,A Month Of Sundays: Searching For The Spirit And My Sister,Julie Mars,"Mars, Julie",,"=""0974207454""","=""9780974207452""",0,3.61,Greycore Pr,Paperback,208,2005,2005,,2023/06/14,"to-read, gilmore-girls","to-read (#307), gilmore-girls (#308)",to-read,,,,0,0
394172,The True and Outstanding Adventures of the Hunt Sisters,Elisabeth Robinson,"Robinson, Elisabeth",,"=""0316159360""","=""9780316159364""",0,3.34,Back Bay Books,Paperback,326,2005,2004,,2023/06/14,"to-read, gilmore-girls","to-read (#308), gilmore-girls (#309)",to-read,,,,0,0
6751,Consider the Lobster and Other Essays,David Foster Wallace,"Wallace, David Foster",,"=""0316156116""","=""9780316156110""",0,4.18,"Little, Brown and Company",Hardcover,343,2005,2005,,2023/06/14,"to-read, gilmore-girls","to-read (#309), gilmore-girls (#310)",to-read,,,,0,0
3686,Truth & Beauty,Ann Patchett,"Patchett, Ann",,"=""0060572159""","=""9780060572150""",0,3.96,Harper Perennial,Paperback,257,2023,2004,,2023/06/14,"to-read, gilmore-girls","to-read (#310), gilmore-girls (#311)",to-read,,,,0,0
141077,The Kreutzer Sonata,Leo Tolstoy,"Tolstoy, Leo","Doris Lessing, Isai Kamen","=""0812968239""","=""9780812968231""",0,3.88,Modern Library,Paperback,128,2003,1889,,2023/06/14,"to-read, gilmore-girls","to-read (#305), gilmore-girls (#306)",to-read,,,,0,0
9593,Galápagos,Kurt Vonnegut Jr.,"Jr., Kurt Vonnegut",,"=""0385333870""","=""9780385333870""",0,3.87,Dial Press Trade Paperback,Paperback,324,1999,1985,,2023/06/14,"to-read, gilmore-girls","to-read (#306), gilmore-girls (#307)",to-read,,,,0,0
1679504,The Collected Works of Grey Owl,Grey Owl,"Owl, Grey",,"=""1552670066""","=""9781552670064""",0,4.16,Prospero Books,Hardcover,545,1999,2000,,2023/06/14,"to-read, gilmore-girls","to-read (#303), gilmore-girls (#304)",to-read,,,,0,0
89840,Secrets of the Flesh: A Life of Colette,Judith Thurman,"Thurman, Judith",,"=""0345371038""","=""9780345371034""",0,3.89,Ballantine Books,Paperback,592,2000,1999,,2023/06/14,"to-read, gilmore-girls","to-read (#304), gilmore-girls (#305)",to-read,,,,0,0
242514,"Gidget (Gidget series, #1)",Frederick Kohner,"Kohner, Frederick",Kathy Kohner Zuckerman,"=""0425179621""","=""9780425179628""",0,3.63,Berkley Books,Paperback,154,2001,1957,,2023/06/14,"to-read, gilmore-girls","to-read (#299), gilmore-girls (#300)",to-read,,,,0,0
844051,Mutiny on the Bounty,Charles Bernard Nordhoff,"Nordhoff, Charles Bernard",James Norman Hall,"=""0316611689""","=""9780316611688""",0,4.00,Back Bay Books,Paperback,400,1989,1932,,2023/06/14,"to-read, gilmore-girls","to-read (#300), gilmore-girls (#301)",to-read,,,,0,0
414759,Property,Valerie Martin,"Martin, Valerie",,"=""0375713301""","=""9780375713309""",0,3.69,Vintage,Paperback,196,2004,2003,,2023/06/14,"to-read, gilmore-girls","to-read (#301), gilmore-girls (#302)",to-read,,,,0,0
11831404,Fodor's Selected Hotels Of Europe,Fodor's Travel Publications Inc.,"Inc., Fodor's Travel Publications",,"=""0340399937""","=""9780340399934""",0,3.29,Hodder & Stoughton Ltd,Paperback,372,1987,1987,,2023/06/14,"to-read, gilmore-girls","to-read (#302), gilmore-girls (#303)",to-read,,,,0,0
125842,A Bolt from the Blue and Other Essays,Mary McCarthy,"McCarthy, Mary",A.O. Scott,"=""1590170105""","=""9781590170106""",0,3.75,New York Review Books Collections,Hardcover,400,2002,2001,,2023/06/14,"to-read, gilmore-girls","to-read (#298), gilmore-girls (#299)",to-read,,,,0,0
11464,Old School,Tobias Wolff,"Wolff, Tobias",,"=""0747574650""","=""9780747574651""",0,3.83,Bloomsbury,Paperback,196,2005,2003,,2023/06/14,"to-read, gilmore-girls","to-read (#296), gilmore-girls (#297)",to-read,,,,0,0
733977,The Little Locksmith,Katharine Butler Hathaway,"Hathaway, Katharine Butler",Alix Kates Shulman,"=""1558612394""","=""9781558612396""",0,3.67,The Feminist Press at CUNY,Paperback,272,2000,1943,,2023/06/14,"to-read, gilmore-girls","to-read (#293), gilmore-girls (#294)",to-read,,,,0,0
646195,Babe : The Gallant Pig,Dick King-Smith,"King-Smith, Dick",Maggie Kneen,"=""0375829709""","=""9780375829703""",0,4.09,Knopf Books for Young Readers,Hardcover,130,2005,1983,,2023/06/14,"to-read, gilmore-girls","to-read (#294), gilmore-girls (#295)",to-read,,,,0,0
739840,Bambi,Felix Salten,"Salten, Felix",Barbara Cooney,"=""067166607X""","=""9780671666071""",0,4.12,Aladdin,Paperback,192,1988,1923,,2023/06/14,"to-read, gilmore-girls","to-read (#297), gilmore-girls (#298)",to-read,,,,0,0
92517,The Glass Menagerie,Tennessee Williams,"Williams, Tennessee",Robert Bray,"=""0811214044""","=""9780811214049""",0,3.73,New Directions,Paperback,104,1999,1945,,2023/06/14,"to-read, gilmore-girls","to-read (#295), gilmore-girls (#296)",to-read,,,,0,0
154387,Sonnets from the Portuguese,Elizabeth Barrett Browning,"Browning, Elizabeth Barrett",,"=""031274501X""","=""9780312745011""",0,4.12,St. Martin's Press,Hardcover,64,1986,1850,,2023/06/14,"to-read, gilmore-girls","to-read (#287), gilmore-girls (#288)",to-read,,,,0,0
16299,And Then There Were None,Agatha Christie,"Christie, Agatha",,"=""0312330871""","=""9780312330873""",0,4.28,St. Martin's Griffin,Paperback,264,2004,1939,,2023/06/14,"to-read, gilmore-girls","to-read (#288), gilmore-girls (#289)",to-read,,,,0,0
349040,Goldilocks & Three Bears: Bears Should Share!,Alvin Granowsky,"Granowsky, Alvin","Anne Lunsford, Lyn Martin, Annie Lunsford, J. Lyn Martin","=""0811466345""","=""9780811466349""",0,3.97,Steck-Vaughn,Paperback,48,1996,1995,,2023/06/14,"to-read, gilmore-girls","to-read (#289), gilmore-girls (#290)",to-read,,,,0,0
205218,Ethics,Baruch Spinoza,"Spinoza, Baruch","Stuart Hampshire, Edwin M. Curley","=""0140435719""","=""9780140435719""",0,4.09,Penguin Classics,Paperback,186,2005,1677,,2023/06/14,"to-read, gilmore-girls","to-read (#290), gilmore-girls (#291)",to-read,,,,0,0
104778,The Merry Wives of Windsor,William Shakespeare,"Shakespeare, William",,"=""1419172662""","=""9781419172663""",0,3.55,"Kessinger Publishing, LLC",Paperback,156,2004,1597,,2023/06/14,"to-read, gilmore-girls","to-read (#291), gilmore-girls (#292)",to-read,,,,0,0
109533,The New Way Things Work,David Macaulay,"Macaulay, David",Neil Ardley,"=""0395938473""","=""9780395938478""",0,4.27,Houghton Mifflin,Hardcover,400,1998,1988,,2023/06/14,"to-read, gilmore-girls","to-read (#292), gilmore-girls (#293)",to-read,,,,0,0
1109271,My Life As Author And Editor,H.L. Mencken,"Mencken, H.L.",,"=""0679413154""","=""9780679413158""",0,3.72,Knopf,Hardcover,449,1993,1993,,2023/06/14,"to-read, gilmore-girls","to-read (#282), gilmore-girls (#283)",to-read,,,,0,0
284429,The Last Empire: Essays 1992-2000,Gore Vidal,"Vidal, Gore",,"=""037572639X""","=""9780375726392""",0,3.91,Vintage,Paperback,480,2002,2001,,2023/06/14,"to-read, gilmore-girls","to-read (#283), gilmore-girls (#284)",to-read,,,,0,0
4260,The Polysyllabic Spree,Nick Hornby,"Hornby, Nick",,"=""1932416242""","=""9781932416244""",0,3.73,McSweeney's,Paperback,143,2004,2004,,2023/06/14,"to-read, gilmore-girls","to-read (#284), gilmore-girls (#285)",to-read,,,,0,0
145981,The Snows of Kilimanjaro and Other Stories,Ernest Hemingway,"Hemingway, Ernest",,"=""""","=""9780099460923""",0,3.82,Vintage,Paperback,138,,1936,,2023/06/14,"to-read, gilmore-girls","to-read (#285), gilmore-girls (#286)",to-read,,,,0,0
38447,"The Handmaid’s Tale (The Handmaid's Tale, #1)",Margaret Atwood,"Atwood, Margaret",,"=""""","=""""",0,4.13,Anchor Books,Paperback,314,1998,1985,,2023/06/14,"to-read, gilmore-girls","to-read (#286), gilmore-girls (#287)",to-read,,,,0,0
18789,Sanctuary,William Faulkner,"Faulkner, William",,"=""0679748148""","=""9780679748144""",0,3.63,Vintage,Paperback,317,1993,1931,,2023/06/14,"to-read, gilmore-girls","to-read (#278), gilmore-girls (#279)",to-read,,,,0,0
40200,The Crimson Petal and the White,Michel Faber,"Faber, Michel",,"=""1841954314""","=""9781841954318""",0,3.88,Canongate Books,Paperback,922,2003,2002,,2023/06/14,"to-read, gilmore-girls","to-read (#279), gilmore-girls (#280)",to-read,,,,0,0
778639,Robert's Rules of Order,Henry Martyn Robert,"Robert, Henry Martyn","William J. Evans, Daniel H. Honemann","=""0738203076""","=""9780738203072""",0,3.92,PublicAffairs,Paperback,704,2000,1876,,2023/06/14,"to-read, gilmore-girls","to-read (#280), gilmore-girls (#281)",to-read,,,,0,0
30594,"Speak, Memory",Vladimir Nabokov,"Nabokov, Vladimir",,"=""""","=""""",0,4.07,Penguin,Paperback,255,2000,1966,,2023/06/14,"to-read, gilmore-girls","to-read (#281), gilmore-girls (#282)",to-read,,,,0,0
893023,The Mojo Collection: The Greatest Albums of All Time... and How They Happened,Jim Irvin,"Irvin, Jim",,"=""1841954381""","=""9781841954387""",0,4.04,Canongate U.S.,Paperback,868,2003,2001,,2023/06/14,"to-read, gilmore-girls","to-read (#277), gilmore-girls (#278)",to-read,,,,0,0
113720,"The Price of Loyalty: George W. Bush, the White House, and the Education of Paul O'Neill",Ron Suskind,"Suskind, Ron",,"=""0743255461""","=""9780743255462""",0,3.81,Simon  Schuster,Paperback,432,2004,2004,,2023/06/14,"to-read, gilmore-girls","to-read (#271), gilmore-girls (#272)",to-read,,,,0,0
253264,Inherit the Wind: The Powerful Courtroom Drama in which Two Men Wage the Legal War of the Century,Jerome Lawrence,"Lawrence, Jerome",Robert E.  Lee,"=""0345501039""","=""9780345501035""",0,3.93,Ballantine Books,Paperback,129,2007,1955,,2023/06/14,"to-read, gilmore-girls","to-read (#272), gilmore-girls (#273)",to-read,,,,0,0
2036549,The Holy Barbarians,Lawrence Lipton,"Lipton, Lawrence",,"=""""","=""""",0,3.65,Grove Press,,318,1962,1959,,2023/06/14,"to-read, gilmore-girls","to-read (#273), gilmore-girls (#274)",to-read,,,,0,0
733768,The Song of Names,Norman Lebrecht,"Lebrecht, Norman",,"=""1400034892""","=""9781400034895""",0,3.62,Anchor,Paperback,311,2004,2002,,2023/06/14,"to-read, gilmore-girls","to-read (#274), gilmore-girls (#275)",to-read,,,,0,0
179512,Bitch: In Praise of Difficult Women,Elizabeth Wurtzel,"Wurtzel, Elizabeth",,"=""0385484011""","=""9780385484015""",0,3.37,Anchor,Paperback,436,1999,1998,,2023/06/14,"to-read, gilmore-girls","to-read (#275), gilmore-girls (#276)",to-read,,,,0,0
24213,Alice's Adventures in Wonderland / Through the Looking-Glass,Lewis Carroll,"Carroll, Lewis","Martin Gardner, John Tenniel","=""0451527747""","=""9780451527745""",0,4.06,Penguin Group (USA),Paperback,239,2000,1871,,2023/06/14,"to-read, gilmore-girls","to-read (#276), gilmore-girls (#277)",to-read,,,,0,0
10327877,Brigadoon: Libretto (Faber Edition),Alan Jay Lerner,"Lerner, Alan Jay",Frederick Loewe,"=""057153130X""","=""9780571531301""",0,3.84,Alfred Music,Paperback,999,2009,1947,,2023/06/14,"to-read, gilmore-girls","to-read (#267), gilmore-girls (#268)",to-read,,,,0,0
18723,Brick Lane,Monica Ali,"Ali, Monica",,"=""0743243315""","=""9780743243315""",0,3.45,Scribner,Paperback,448,2004,2003,,2023/06/14,"to-read, gilmore-girls","to-read (#268), gilmore-girls (#269)",to-read,,,,0,0
452589,George W. Bushisms: The Slate Book of Accidental Wit and Wisdom of Our 43rd President,Jacob Weisberg,"Weisberg, Jacob",,"=""0743222229""","=""9780743222228""",0,3.46,Gallery Books,Paperback,96,2001,2001,,2023/06/14,"to-read, gilmore-girls","to-read (#266), gilmore-girls (#267)",to-read,,,,0,0
35276743,Damselfly,Chandra Prasad,"Prasad, Chandra",,"=""0545907926""","=""9780545907927""",0,3.39,Scholastic Press,Hardcover,240,2018,2018,,2023/06/14,"to-read, gilmore-girls","to-read (#269), gilmore-girls (#270)",to-read,,,,0,0
22605080,Roman Fever,Edith Wharton,"Wharton, Edith",,"=""""","=""""",0,4.03,HarperPerennial Classics,Kindle Edition,25,2014,1934,,2023/06/14,"to-read, gilmore-girls","to-read (#270), gilmore-girls (#271)",to-read,,,,0,0
272546,The Peace of Nicias and the Sicilian Expedition (Peloponnesian War),Donald Kagan,"Kagan, Donald",,"=""0801499402""","=""9780801499401""",0,4.26,Cornell University Press,Paperback,400,1991,1981,,2023/06/14,"to-read, gilmore-girls","to-read (#260), gilmore-girls (#261)",to-read,,,,0,0
92295,"Selected Letters, 1913-1965",tim--editor page,"page, tim--editor",,"=""0805065059""","=""9780805065053""",0,3.80,owl books-1999,Paperback,373,1999,1999,,2023/06/14,"to-read, gilmore-girls","to-read (#261), gilmore-girls (#262)",to-read,,,,0,0
18885108,The Scarecrow of Oz (Oz #9),L. Frank Baum,"Baum, L. Frank",,"=""""","=""""",0,3.80,,Kindle Edition,180,2012,1915,,2023/06/14,"to-read, gilmore-girls","to-read (#262), gilmore-girls (#263)",to-read,,,,0,0
572268,The Vanishing Newspaper: Saving Journalism in the Information Age,Philip N. Meyer,"Meyer, Philip N.",,"=""0826215688""","=""9780826215680""",0,3.60,University of Missouri,Paperback,264,2006,2004,,2023/06/14,"to-read, gilmore-girls","to-read (#263), gilmore-girls (#264)",to-read,,,,0,0
638430,Pigs at the Trough: How Corporate Greed and Political Corruption Are Undermining America,Arianna Huffington,"Huffington, Arianna",,"=""1400051266""","=""9781400051267""",0,3.60,Crown,Paperback,304,2004,2003,,2023/06/14,"to-read, gilmore-girls","to-read (#265), gilmore-girls (#266)",to-read,,,,0,0
20642376,The History of the Decline and Fall of the Roman,Edward Gibbon,"Gibbon, Edward",,"=""""","=""""",0,4.01,Thomas Nelson and Peter Brown,Unknown Binding,,1832,1776,,2023/06/14,"to-read, gilmore-girls","to-read (#264), gilmore-girls (#265)",to-read,,,,0,0
10387214,The art of fiction,Walter Besant,"Besant, Walter",Henry James,"=""1172438099""","=""9781172438099""",0,3.66,Nabu Press,Paperback,96,2010,1884,,2023/06/14,"to-read, gilmore-girls","to-read (#255), gilmore-girls (#256)",to-read,,,,0,0
309942,My Lai 4: A Report on the Massacre and Its Aftermath,Seymour M. Hersh,"Hersh, Seymour M.",,"=""0394714504""","=""9780394714509""",0,3.79,Random House Trade,Hardcover,210,1983,1970,,2023/06/14,"to-read, gilmore-girls","to-read (#256), gilmore-girls (#257)",to-read,,,,0,0
4261,Songbook,Nick Hornby,"Hornby, Nick",,"=""1573223565""","=""9781573223560""",0,3.56,Riverhead Books,Paperback,207,2003,2002,,2023/06/14,"to-read, gilmore-girls","to-read (#257), gilmore-girls (#258)",to-read,,,,0,0
200883,Backlash: The Undeclared War Against American Women,Susan Faludi,"Faludi, Susan",,"=""0307345424""","=""9780307345424""",0,4.03,Crown,Paperback,608,2006,1991,,2023/06/14,"to-read, gilmore-girls","to-read (#258), gilmore-girls (#259)",to-read,,,,0,0
19904133,"Henry IV, Part II (The RSC Shakespeare)",William Shakespeare,"Shakespeare, William","Jonathan Bate, Eric Rasmussen","=""""","=""""",0,3.77,Palgrave Macmillan,Kindle Edition,240,2009,1598,,2023/06/14,"to-read, gilmore-girls","to-read (#259), gilmore-girls (#260)",to-read,,,,0,0
70292,Hockey For Dummies,John  Davidson,"Davidson, John",John Steinbreder,"=""0764552287""","=""9780764552281""",0,3.57,For Dummies,Paperback,384,2000,1997,,2023/06/14,"to-read, gilmore-girls","to-read (#251), gilmore-girls (#252)",to-read,,,,0,0
4631,A Moveable Feast,Ernest Hemingway,"Hemingway, Ernest",James Naughton,"=""""","=""""",0,4.02,Vintage,Paperback,192,2012,1964,,2023/06/14,"to-read, gilmore-girls","to-read (#252), gilmore-girls (#253)",to-read,,,,0,0
23577,Lies & the Lying Liars Who Tell Them: A Fair & Balanced Look at the Right,Al Franken,"Franken, Al",,"=""0452285216""","=""9780452285217""",0,3.82,Plume,Paperback,421,2004,2003,,2023/06/14,"to-read, gilmore-girls","to-read (#253), gilmore-girls (#254)",to-read,,,,0,0
11013,Finnegans Wake,James Joyce,"Joyce, James",,"=""0571217354""","=""9780571217359""",0,3.68,Faber & Faber,Paperback,628,2002,1939,,2023/06/14,"to-read, gilmore-girls","to-read (#254), gilmore-girls (#255)",to-read,,,,0,0
1409344,Driving Miss Daisy,Alfred Uhry,"Uhry, Alfred",,"=""0930452895""","=""9780930452896""",0,4.25,Theatre Communications Group,Paperback,80,1993,1987,,2023/06/14,"to-read, gilmore-girls","to-read (#249), gilmore-girls (#250)",to-read,,,,0,0
114496,"The Manticore (The Deptford Trilogy, #2)",Robertson Davies,"Davies, Robertson","Kelly Link, Michael Dirda","=""014303913X""","=""9780143039136""",0,4.02,Penguin Classics,Paperback,304,2006,1972,,2023/06/14,"to-read, gilmore-girls","to-read (#250), gilmore-girls (#251)",to-read,,,,0,0
21266,Rick Steves' Europe Through the Back Door,Rick Steves,"Steves, Rick",,"=""1566918081""","=""9781566918084""",0,4.27,Avalon Travel,Paperback,808,2017,1982,,2023/06/14,"to-read, gilmore-girls","to-read (#243), gilmore-girls (#244)",to-read,,,,0,0
7944648,House of Sand and Fog,Andre Dubus III,"III, Andre Dubus",,"=""0393338118""","=""9780393338119""",0,3.86,W. W. Norton & Company,Paperback,384,2011,1999,,2023/06/14,"to-read, gilmore-girls","to-read (#244), gilmore-girls (#245)",to-read,,,,0,0
4630,To Have and Have Not (Scribner Classics),Ernest Hemingway,"Hemingway, Ernest",,"=""0684859238""","=""9780684859231""",0,3.53,Scribner,Hardcover,176,1999,1937,,2023/06/14,"to-read, gilmore-girls","to-read (#245), gilmore-girls (#246)",to-read,,,,0,0
59144,Cousin Bette,Honoré de Balzac,"Balzac, Honoré de","Francine Prose, Kathleen Raine","=""0375759077""","=""9780375759079""",0,3.85,Modern Library,Paperback,496,2002,1846,,2023/06/14,"to-read, gilmore-girls","to-read (#246), gilmore-girls (#247)",to-read,,,,0,0
12335,Savage Beauty: The Life of Edna St. Vincent Millay,Nancy Milford,"Milford, Nancy",,"=""0375760814""","=""9780375760815""",0,3.91,Random House Trade Paperbacks,Paperback,608,2002,2001,,2023/06/14,"to-read, gilmore-girls","to-read (#247), gilmore-girls (#248)",to-read,,,,0,0
44453,Complete Stories (Penguin Classics),Dorothy Parker,"Parker, Dorothy","Regina Barreca, Colleen Bresse","=""0142437212""","=""9780142437216""",0,4.13,Penguin Classics,Paperback,447,2002,1924,,2023/06/14,"to-read, gilmore-girls","to-read (#248), gilmore-girls (#249)",to-read,,,,0,0
7986410,Bambi,Walt Disney Company,"Company, Walt Disney",Felix Salten,"=""""","=""""",0,4.26,A Little Golden Book,Hardcover,20,2008,1942,,2023/06/14,"to-read, gilmore-girls","to-read (#239), gilmore-girls (#240)",to-read,,,,0,0
300841,A Mencken Chrestomathy,H.L. Mencken,"Mencken, H.L.",,"=""0394752090""","=""9780394752099""",0,3.95,Vintage,Paperback,627,1982,1949,,2023/06/14,"to-read, gilmore-girls","to-read (#240), gilmore-girls (#241)",to-read,,,,0,0
63461,Terms of Endearment,Larry McMurtry,"McMurtry, Larry",,"=""075283455X""","=""9780752834559""",0,4.14,Orion Paperbacks,Paperback,416,2000,1975,,2023/06/14,"to-read, gilmore-girls","to-read (#241), gilmore-girls (#242)",to-read,,,,0,0
91440,"Love Medicine (Love Medicine, #1)",Louise Erdrich,"Erdrich, Louise",,"=""0060786469""","=""9780060786465""",0,4.01,Harper Perennial Modern Classics,Paperback,367,2005,1984,,2023/06/14,"to-read, gilmore-girls","to-read (#242), gilmore-girls (#243)",to-read,,,,0,0
93134,The Mysteries of Udolpho,Ann Radcliffe,"Radcliffe, Ann",Jacqueline Howard,"=""0140437592""","=""9780140437591""",0,3.40,Penguin Classics,Paperback,654,2001,1794,,2023/06/14,"to-read, gilmore-girls","to-read (#234), gilmore-girls (#235)",to-read,,,,0,0
25378,The Dirt: Confessions of the World's Most Notorious Rock Band,Neil Strauss,"Strauss, Neil","Vince Neil, Nikki Sixx, Mick Mars, Tommy Lee","=""0060989157""","=""9780060989156""",0,4.13,HCP US (PG UK),Paperback,431,2002,2001,,2023/06/14,"to-read, gilmore-girls","to-read (#235), gilmore-girls (#236)",to-read,,,,0,0
39664,Rita Hayworth and Shawshank Redemption,Stephen King,"King, Stephen",,"=""0896214400""","=""9780896214408""",0,4.51,Thorndike Press,Hardcover,181,1982,1982,,2023/06/14,"to-read, gilmore-girls","to-read (#236), gilmore-girls (#237)",to-read,,,,0,0
424597,"Emily the Strange (Emily the Strange Graphic Novels, #1)",Rob Reger,"Reger, Rob","Buzz Parker, Brian Brooks","=""0811831477""","=""9780811831475""",0,3.70,Chronicle Books,Hardcover,64,2001,2001,,2023/06/14,"to-read, gilmore-girls","to-read (#237), gilmore-girls (#238)",to-read,,,,0,0
96123,All the President's Men,Carl Bernstein,"Bernstein, Carl",Bob Woodward,"=""1416522913""","=""9781416522911""",0,4.17,Pocket Books,Mass Market Paperback,480,2005,1974,,2023/06/14,"to-read, gilmore-girls","to-read (#238), gilmore-girls (#239)",to-read,,,,0,0
228560,Sophie's Choice,William Styron,"Styron, William",,"=""0679736379""","=""9780679736370""",0,4.17,Vintage Books,Paperback,562,1992,1979,,2023/06/14,"to-read, gilmore-girls","to-read (#233), gilmore-girls (#234)",to-read,,,,0,0
6295,Howl and Other Poems,Allen Ginsberg,"Ginsberg, Allen",,"=""0872863107""","=""9780872863101""",0,4.13,City Lights,Hardcover,56,2001,1956,,2023/06/14,"to-read, gilmore-girls","to-read (#228), gilmore-girls (#229)",to-read,,,,0,0
12577,The Collected Stories,Eudora Welty,"Welty, Eudora",,"=""0156189216""","=""9780156189217""",0,4.21,Harcourt Brace,Paperback,622,1982,1980,,2023/06/14,"to-read, gilmore-girls","to-read (#229), gilmore-girls (#230)",to-read,,,,0,0
217073,"Novels, 1944-1962: My Home is Far Away / The Locusts Have No King / The Wicked Pavilion / The Golden Spur",Dawn Powell,"Powell, Dawn",,"=""1931082022""","=""9781931082020""",0,4.11,Library of America,Hardcover,969,2001,2001,,2023/06/14,"to-read, gilmore-girls","to-read (#230), gilmore-girls (#231)",to-read,,,,0,0
858313,The Children's Hour,Lillian Hellman,"Hellman, Lillian",,"=""0822202050""","=""9780822202059""",0,3.96,"Dramatists Play Service, Inc.",Paperback,75,1953,1934,,2023/06/14,"to-read, gilmore-girls","to-read (#231), gilmore-girls (#232)",to-read,,,,0,0
7442,The Electric Kool-Aid Acid Test,Tom Wolfe,"Wolfe, Tom",,"=""0553380648""","=""9780553380644""",0,3.92,Bantam,Paperback,416,1999,1968,,2023/06/14,"to-read, gilmore-girls","to-read (#232), gilmore-girls (#233)",to-read,,,,0,0
5246,Ethan Frome,Edith Wharton,"Wharton, Edith","Anita Shreve, Elizabeth Ammons","=""""","=""""",0,3.43,Penguin Classics,Paperback,99,2005,1911,,2023/06/14,"to-read, gilmore-girls","to-read (#226), gilmore-girls (#227)",to-read,,,,0,0
7628,The Good Soldier,Ford Madox Ford,"Ford, Ford Madox","Kenneth Womack, William Baker, Mark Oxford","=""1551113813""","=""9781551113814""",0,3.69,Broadview Press,Paperback,368,2003,1915,,2023/06/14,"to-read, gilmore-girls","to-read (#227), gilmore-girls (#228)",to-read,,,,0,0
50039,I'm with the Band: Confessions of a Groupie,Pamela Des Barres,"Barres, Pamela Des",Dave Navarro,"=""1556525893""","=""9781556525896""",0,3.69,Chicago Review Press,Paperback,320,2005,1987,,2023/06/14,"to-read, gilmore-girls","to-read (#222), gilmore-girls (#223)",to-read,,,,0,0
764073,When the Emperor Was Divine,Julie Otsuka,"Otsuka, Julie",,"=""""","=""""",0,3.79,Anchor,Paperback,144,2003,2003,,2023/06/14,"to-read, gilmore-girls","to-read (#223), gilmore-girls (#224)",to-read,,,,0,0
92286,"Novels, 1930-1942: Dance Night / Come Back to Sorrento / Turn, Magic Wheel / Angels on Toast / A Time to Be Born",Dawn Powell,"Powell, Dawn",,"=""1931082014""","=""9781931082013""",0,3.72,Library of America,Hardcover,1068,2001,1930,,2023/06/14,"to-read, gilmore-girls","to-read (#224), gilmore-girls (#225)",to-read,,,,0,0
97331,The Opposite of Fate: Memories of a Writing Life,Amy Tan,"Tan, Amy",,"=""0142004898""","=""9780142004890""",0,3.94,Penguin Books,Paperback,398,2004,2003,,2023/06/14,"to-read, gilmore-girls","to-read (#225), gilmore-girls (#226)",to-read,,,,0,0
111723,Pushkin: A Biography,T.J. Binyon,"Binyon, T.J.",,"=""1400076528""","=""9781400076529""",0,3.79,Vintage,Paperback,784,2004,2002,,2023/06/14,"to-read, gilmore-girls","to-read (#219), gilmore-girls (#220)",to-read,,,,0,0
31196,The Razor's Edge,W. Somerset Maugham,"Maugham, W. Somerset",,"=""1400034205""","=""9781400034208""",0,4.19,Vintage International,Paperback,314,2003,1944,,2023/06/14,"to-read, gilmore-girls","to-read (#220), gilmore-girls (#221)",to-read,,,,0,0
479740,The Archidamian War,Donald Kagan,"Kagan, Donald",,"=""0801497140""","=""9780801497148""",0,3.75,Cornell University Press,Paperback,400,1990,1974,,2023/06/14,"to-read, gilmore-girls","to-read (#221), gilmore-girls (#222)",to-read,,,,0,0
142079,"S is for Silence (Kinsey Millhone, #19)",Sue Grafton,"Grafton, Sue",,"=""0425212696""","=""9780425212691""",0,3.95,Berkley,Mass Market Paperback,352,2006,2005,,2023/06/14,"to-read, gilmore-girls","to-read (#217), gilmore-girls (#218)",to-read,,,,0,0
31250,Little Dorrit,Charles Dickens,"Dickens, Charles","Stephen J. Wall, Helen Small","=""""","=""""",0,4.00,Penguin Classics,Paperback,1021,2003,1857,,2023/06/14,"to-read, gilmore-girls","to-read (#218), gilmore-girls (#219)",to-read,,,,0,0
37526,Henry V,William Shakespeare,"Shakespeare, William","Michael Neill, Paul Werstine, Barbara A. Mowat","=""0743484878""","=""9780743484879""",0,3.86,Washington Square Press,Paperback,294,2004,1599,,2023/06/14,"to-read, gilmore-girls","to-read (#214), gilmore-girls (#215)",to-read,,,,0,0
12262741,Wild: From Lost to Found on the Pacific Crest Trail,Cheryl Strayed,"Strayed, Cheryl",,"=""0307592731""","=""9780307592736""",0,4.05,Knopf,Hardcover,315,2012,2012,,2023/06/14,"to-read, gilmore-girls","to-read (#215), gilmore-girls (#216)",to-read,,,,0,0
782854,Eloise,Kay Thompson,"Thompson, Kay",Hilary Knight,"=""067122350X""","=""9780671223502""",0,4.17,Simon & Schuster Books for Young Readers,Hardcover,65,1969,1955,,2023/06/14,"to-read, gilmore-girls","to-read (#216), gilmore-girls (#217)",to-read,,,,0,0
20746724,Snow White and Rose Red,Jacob Grimm,"Grimm, Jacob",,"=""""","=""""",0,3.74,,Kindle Edition,9,2012,1827,,2023/06/14,"to-read, gilmore-girls","to-read (#211), gilmore-girls (#212)",to-read,,,,0,0
56073,Living History,Hillary Rodham Clinton,"Clinton, Hillary Rodham",,"=""0743222253""","=""9780743222259""",0,3.75,Scribner,Paperback,567,2004,2003,,2023/06/14,"to-read, gilmore-girls","to-read (#212), gilmore-girls (#213)",to-read,,,,0,0
110763,The Gnostic Gospels,Elaine Pagels,"Pagels, Elaine",,"=""0679724532""","=""9780679724537""",0,3.93,Vintage,Paperback,218,1989,1979,,2023/06/14,"to-read, gilmore-girls","to-read (#213), gilmore-girls (#214)",to-read,,,,0,0
880633,Yoga for dummies,Larry Payne,"Payne, Larry",Larry Payne,"=""0764551175""","=""9780764551178""",0,3.72,John Wiley,Paperback,390,1999,,,2023/06/14,"to-read, gilmore-girls","to-read (#208), gilmore-girls (#209)",to-read,,,,0,0
697542,"Nervous System: Or, Losing My Mind in Literature",Jan Lars Jensen,"Jensen, Jan Lars",,"=""0786715626""","=""9780786715626""",0,3.59,Carroll & Graf Pub,Paperback,273,2005,2004,,2023/06/14,"to-read, gilmore-girls","to-read (#209), gilmore-girls (#210)",to-read,,,,0,0
17529,Rebecca of Sunnybrook Farm,Kate Douglas Wiggin,"Wiggin, Kate Douglas",,"=""1598183605""","=""9781598183603""",0,3.87,Aegypan,Hardcover,184,2006,1903,,2023/06/14,"to-read, gilmore-girls","to-read (#210), gilmore-girls (#211)",to-read,,,,0,0
4953,A Heartbreaking Work of Staggering Genius,Dave Eggers,"Eggers, Dave",,"=""0375725784""","=""9780375725784""",0,3.69,Vintage,Paperback,437,2001,2000,,2023/06/14,"to-read, gilmore-girls","to-read (#206), gilmore-girls (#207)",to-read,,,,0,0
16200,Ella Minnow Pea: A Novel in Letters,Mark Dunn,"Dunn, Mark",,"=""0385722435""","=""9780385722438""",0,3.91,Anchor,Paperback,208,2002,2001,,2023/06/14,"to-read, gilmore-girls","to-read (#207), gilmore-girls (#208)",to-read,,,,0,0
67920,Sybil: The Classic True Story of a Woman Possessed by Sixteen Personalities,Flora Rheta Schreiber,"Schreiber, Flora Rheta",,"=""0446359408""","=""9780446359405""",0,3.98,Grand Central Publishing,Mass Market Paperback,481,1989,1973,,2023/06/14,"to-read, gilmore-girls","to-read (#202), gilmore-girls (#203)",to-read,,,,0,0
47975,How to Breathe Underwater,Julie Orringer,"Orringer, Julie",,"=""1400034361""","=""9781400034369""",0,3.96,Vintage,Paperback,226,2005,2003,,2023/06/14,"to-read, gilmore-girls","to-read (#203), gilmore-girls (#204)",to-read,,,,0,0
71047,"The Graduate (The Graduate, #1)",Charles Webb,"Webb, Charles",,"=""0743456459""","=""9780743456456""",0,3.38,Washington Square Press,Paperback,272,2002,1963,,2023/06/14,"to-read, gilmore-girls","to-read (#204), gilmore-girls (#205)",to-read,,,,0,0
99944,The Bhagavad Gita,Krishna-Dwaipayana Vyasa,"Vyasa, Krishna-Dwaipayana","Juan Mascaró, Simon Brodbeck","=""0140449183""","=""9780140449181""",0,4.17,Penguin,Paperback,160,2003,-400,,2023/06/14,"to-read, gilmore-girls","to-read (#205), gilmore-girls (#206)",to-read,,,,0,0
108128,New Poems of Emily Dickinson,Emily Dickinson,"Dickinson, Emily","William H. Shurr, Anna Dunlap, Emily Grey Shurr","=""0807844160""","=""9780807844168""",0,4.08,The University of North Carolina Press,Paperback,136,1993,1993,,2023/06/14,"to-read, gilmore-girls","to-read (#200), gilmore-girls (#201)",to-read,,,,0,0
162898,A Connecticut Yankee in King Arthur's Court,Mark Twain,"Twain, Mark",,"=""""","=""""",0,3.77,Simon & Schuster,Paperback,480,2007,1889,,2023/06/14,"to-read, gilmore-girls","to-read (#201), gilmore-girls (#202)",to-read,,,,0,0
9858081,"The Code of the Woosters (Jeeves, #7)",P.G. Wodehouse,"Wodehouse, P.G.",,"=""0393339815""","=""9780393339819""",0,4.32,W. W. Norton & Company,Paperback,272,2011,1938,,2023/06/14,"to-read, gilmore-girls","to-read (#195), gilmore-girls (#196)",to-read,,,,0,0
256566,Everything is Illuminated,Jonathan Safran Foer,"Foer, Jonathan Safran",,"=""0060529709""","=""9780060529703""",0,3.89,Harper Perennial,Paperback,276,2003,2002,,2023/06/14,"to-read, gilmore-girls","to-read (#196), gilmore-girls (#197)",to-read,,,,0,0
22327,The Miracle Worker: A Play,William  Gibson,"Gibson, William",,"=""0743457587""","=""9780743457583""",0,4.20,Pocket,Mass Market Paperback,120,2002,1956,,2023/06/14,"to-read, gilmore-girls","to-read (#197), gilmore-girls (#198)",to-read,,,,0,0
789344,"Encyclopedia Brown, Boy Detective (Encyclopedia Brown, #1)",Donald J. Sobol,"Sobol, Donald J.",,"=""0553157248""","=""9780553157246""",0,4.05,Yearling,Paperback,128,1985,1963,,2023/06/14,"to-read, gilmore-girls","to-read (#198), gilmore-girls (#199)",to-read,,,,0,0
47730,The Complete Poems,Anne Sexton,"Sexton, Anne",,"=""0395957761""","=""9780395957769""",0,4.28,Mariner Books,Paperback,622,1999,1981,,2023/06/14,"to-read, gilmore-girls","to-read (#199), gilmore-girls (#200)",to-read,,,,0,0
95141,The Kitchen Boy: A Novel of the Last Tsar,Robert Alexander,"Alexander, Robert",,"=""0142003816""","=""9780142003817""",0,3.91,Penguin Books,Paperback,229,2004,2003,,2023/06/14,"to-read, gilmore-girls","to-read (#192), gilmore-girls (#193)",to-read,,,,0,0
8744427,Howl,Allen Ginsberg,"Ginsberg, Allen",Eric Drooker,"=""0062015176""","=""9780062015174""",0,4.09,Harper Perennial,Paperback,223,2010,1956,,2023/06/14,"to-read, gilmore-girls","to-read (#193), gilmore-girls (#194)",to-read,,,,0,0
7745,Fear and Loathing in Las Vegas,Hunter S. Thompson,"Thompson, Hunter S.",Ralph Steadman,"=""0679785892""","=""9780679785897""",0,4.07,Vintage Books,Paperback,204,1998,1971,,2023/06/14,"to-read, gilmore-girls","to-read (#194), gilmore-girls (#195)",to-read,,,,0,0
31244,Our Mutual Friend,Charles Dickens,"Dickens, Charles",Richard Gaughan,"=""0375761144""","=""9780375761140""",0,4.09,Modern Library,Paperback,801,2002,1865,,2023/06/14,"to-read, gilmore-girls","to-read (#190), gilmore-girls (#191)",to-read,,,,0,0
64862,"R is for Ricochet (Kinsey Millhone, #18)",Sue Grafton,"Grafton, Sue",,"=""0425203867""","=""9780425203866""",0,3.97,G.P. Putnam's Sons,Mass Market Paperback,363,2005,2004,,2023/06/14,"to-read, gilmore-girls","to-read (#191), gilmore-girls (#192)",to-read,,,,0,0
15645,Inferno,Dante Alighieri,"Alighieri, Dante",Anthony Esolen,"=""0812970063""","=""9780812970067""",0,4.02,Modern Library,Paperback,490,2003,1320,,2023/06/14,"to-read, gilmore-girls","to-read (#185), gilmore-girls (#186)",to-read,,,,0,0
10975,The Sound and the Fury,William Faulkner,"Faulkner, William",,"=""""","=""""",0,3.86,Vintage International,Paperback,366,1990,1929,,2023/06/14,"to-read, gilmore-girls","to-read (#186), gilmore-girls (#187)",to-read,,,,0,0
104711,Freaky Friday,Mary Rodgers,"Rodgers, Mary",,"=""059011848X""","=""9780590118484""",0,3.69,Scholastic Incorporated,Paperback,154,1972,1972,,2023/06/14,"to-read, gilmore-girls","to-read (#187), gilmore-girls (#188)",to-read,,,,0,0
16204,Daisy Miller,Henry James,"James, Henry",Geoffrey Moore,"=""1592243002""","=""9781592243006""",0,3.38,Wildside Press,Paperback,164,2003,1879,,2023/06/14,"to-read, gilmore-girls","to-read (#188), gilmore-girls (#189)",to-read,,,,0,0
12467,The Naked and the Dead,Norman Mailer,"Mailer, Norman",,"=""0312265050""","=""9780312265052""",0,3.94,Picador,Paperback,721,2000,1948,,2023/06/14,"to-read, gilmore-girls","to-read (#189), gilmore-girls (#190)",to-read,,,,0,0
4894,Who Moved My Cheese?,Spencer Johnson,"Johnson, Spencer",Kenneth H. Blanchard,"=""0091883768""","=""9780091883768""",0,3.86,Putnam,Hardcover,98,2002,1999,,2023/06/14,"to-read, gilmore-girls","to-read (#184), gilmore-girls (#185)",to-read,,,,0,0
5759,Fight Club,Chuck Palahniuk,"Palahniuk, Chuck",,"=""0393327345""","=""9780393327342""",0,4.19,W.W. Norton & Company (NYC),Paperback,218,2005,1996,,2023/06/14,"to-read, gilmore-girls","to-read (#179), gilmore-girls (#180)",to-read,,,,0,0
159582,The Yearling,Marjorie Kinnan Rawlings,"Rawlings, Marjorie Kinnan",Patricia Reilly Giff,"=""0689846231""","=""9780689846236""",0,4.02,Aladdin,Paperback,513,2001,1938,,2023/06/14,"to-read, gilmore-girls","to-read (#180), gilmore-girls (#181)",to-read,,,,0,0
4136,Holidays on Ice,David Sedaris,"Sedaris, David",,"=""0316191299""","=""9780316191296""",0,3.90,Little Brown & Co (P),Paperback,176,1998,1997,,2023/06/14,"to-read, gilmore-girls","to-read (#181), gilmore-girls (#182)",to-read,,,,0,0
187020,Empire Falls,Richard Russo,"Russo, Richard",,"=""0375726403""","=""9780375726408""",0,3.93,Vintage Books,Paperback,483,2002,2001,,2023/06/14,"to-read, gilmore-girls","to-read (#182), gilmore-girls (#183)",to-read,,,,0,0
10603,Cujo,Stephen King,"King, Stephen",,"=""0307348245""","=""9780307348241""",0,3.77,Debolsillo,Mass Market Paperback,432,2006,1981,,2023/06/14,"to-read, gilmore-girls","to-read (#183), gilmore-girls (#184)",to-read,,,,0,0
526869,"Peyton Place (Peyton Place, #1)",Grace Metalious,"Metalious, Grace",Ardis Cameron,"=""1555534007""","=""9781555534004""",0,3.79,Northeastern University Press,Paperback,384,1999,1956,,2023/06/14,"to-read, gilmore-girls","to-read (#175), gilmore-girls (#176)",to-read,,,,0,0
38502,Notes of a Dirty Old Man,Charles Bukowski,"Bukowski, Charles",,"=""""","=""""",0,3.93,City Lights Books,Paperback,204,2001,1969,,2023/06/14,"to-read, gilmore-girls","to-read (#176), gilmore-girls (#177)",to-read,,,,0,0
85767,Gender Trouble: Feminism and the Subversion of Identity,Judith Butler,"Butler, Judith",,"=""0415389550""","=""9780415389556""",0,4.06,Routledge,Paperback,236,2006,1989,,2023/06/14,"to-read, gilmore-girls","to-read (#177), gilmore-girls (#178)",to-read,,,,0,0
149196,Eva Luna,Isabel Allende,"Allende, Isabel",,"=""0553280589""","=""9780553280586""",0,3.99,Bantam,Mass Market Paperback,307,1989,1987,,2023/06/14,"to-read, gilmore-girls","to-read (#178), gilmore-girls (#179)",to-read,,,,0,0
110737,Seabiscuit: An American Legend,Laura Hillenbrand,"Hillenbrand, Laura",,"=""0345465083""","=""9780345465085""",0,4.22,Ballantine Books,Mass Market Paperback,457,2003,1999,,2023/06/14,"to-read, gilmore-girls","to-read (#173), gilmore-girls (#174)",to-read,,,,0,0
387348,The Group,Mary McCarthy,"McCarthy, Mary",,"=""0156372088""","=""9780156372084""",0,3.67,Mariner Books,Paperback,496,1991,1963,,2023/06/14,"to-read, gilmore-girls","to-read (#174), gilmore-girls (#175)",to-read,,,,0,0
310612,A Confederacy of Dunces,John Kennedy Toole,"Toole, John Kennedy",Walker Percy,"=""0802130208""","=""9780802130204""",0,3.88,Grove Weidenfeld,Paperback,394,1994,1980,,2023/06/14,"to-read, gilmore-girls","to-read (#167), gilmore-girls (#168)",to-read,,,,0,0
41681,The Jungle,Upton Sinclair,"Sinclair, Upton","Earl Lee, Kathleen De Grave","=""1884365302""","=""9781884365300""",0,3.76,See Sharp Press,Paperback,335,2003,1905,,2023/06/14,"to-read, gilmore-girls","to-read (#168), gilmore-girls (#169)",to-read,,,,0,0
137791,Divine Secrets of the Ya-Ya Sisterhood,Rebecca Wells,"Wells, Rebecca",,"=""006075995X""","=""9780060759957""",0,3.85,Harper Perennial,Paperback,383,2004,1996,,2023/06/14,"to-read, gilmore-girls","to-read (#169), gilmore-girls (#170)",to-read,,,,0,0
3284885,The Celebrated Jumping Frog of Calaveras County,Mark Twain,"Twain, Mark","Carol Eason, B.J. Harrison","=""0318518899""","=""9780318518893""",0,3.70,Filter Press,Hardcover,202,1965,1865,,2023/06/14,"to-read, gilmore-girls","to-read (#170), gilmore-girls (#171)",to-read,,,,0,0
89723,The Lottery and Other Stories,Shirley Jackson,"Jackson, Shirley",A.M. Homes,"=""0374529531""","=""9780374529536""",0,4.04,"Farrar, Straus and Giroux",Paperback,302,2005,1949,,2023/06/14,"to-read, gilmore-girls","to-read (#171), gilmore-girls (#172)",to-read,,,,0,0
164006,Memoirs of a Dutiful Daughter,Simone de Beauvoir,"Beauvoir, Simone de",James Kirkup,"=""0060825197""","=""9780060825195""",0,4.12,Harper Perennial Modern Classics,Paperback,359,2005,1958,,2023/06/14,"to-read, gilmore-girls","to-read (#172), gilmore-girls (#173)",to-read,,,,0,0
5695,Demons,Fyodor Dostoevsky,"Dostoevsky, Fyodor","Richard Pevear, Larissa Volokhonsky, Ronald Meyer, Robert Maguire, Robert Belknap","=""""","=""""",0,4.29,Vintage,Paperback,733,1995,1872,,2023/06/14,"to-read, gilmore-girls","to-read (#165), gilmore-girls (#166)",to-read,,,,0,0
9915,Less Than Zero,Bret Easton Ellis,"Ellis, Bret Easton",,"=""""","=""""",0,3.60,Vintage Books,Paperback,208,2010,1985,,2023/06/14,"to-read, gilmore-girls","to-read (#166), gilmore-girls (#167)",to-read,,,,0,0
105992,Helter Skelter: The True Story of the Manson Murders,Vincent Bugliosi,"Bugliosi, Vincent",Curt Gentry,"=""0393322238""","=""9780393322231""",0,4.06,W. W. Norton  Company,Paperback,689,2001,1974,,2023/06/14,"to-read, gilmore-girls","to-read (#161), gilmore-girls (#162)",to-read,,,,0,0
73968,"Love Story (Love Story, #1)",Erich Segal,"Segal, Erich",,"=""0380017601""","=""9780380017607""",0,3.64,HarperTorch,Paperback,224,2002,1970,,2023/06/14,"to-read, gilmore-girls","to-read (#162), gilmore-girls (#163)",to-read,,,,0,0
82356,The Comedy of Errors,William Shakespeare,"Shakespeare, William",,"=""1853262439""","=""9781853262432""",0,3.72,Wordsworth Editions,Paperback,112,1995,1594,,2023/06/14,"to-read, gilmore-girls","to-read (#163), gilmore-girls (#164)",to-read,,,,0,0
16902,Walden,Henry David Thoreau,"Thoreau, Henry David",Bill McKibben,"=""""","=""""",0,3.78,Princeton University Press,Paperback,352,2004,1854,,2023/06/14,"to-read, gilmore-girls","to-read (#164), gilmore-girls (#165)",to-read,,,,0,0
46756,"Oryx and Crake (MaddAddam, #1)",Margaret Atwood,"Atwood, Margaret",,"=""""","=""""",0,4.01,Anchor Books,Paperback,389,2004,2003,,2023/06/14,"to-read, gilmore-girls","to-read (#158), gilmore-girls (#159)",to-read,,,,0,0
228333,"The Nanny Diaries (Nanny, #1)",Emma McLaughlin,"McLaughlin, Emma",Nicola Kraus,"=""0312291639""","=""9780312291631""",0,3.45,St. Martins Press-3PL,Paperback,306,2003,2002,,2023/06/14,"to-read, gilmore-girls","to-read (#159), gilmore-girls (#160)",to-read,,,,0,0
42058,Richard III,William Shakespeare,"Shakespeare, William",John Jowett,"=""0192839934""","=""9780192839930""",0,3.91,"Oxford University Press, USA",Paperback,414,2000,1593,,2023/06/14,"to-read, gilmore-girls","to-read (#160), gilmore-girls (#161)",to-read,,,,0,0
4989,The Red Tent,Anita Diamant,"Diamant, Anita",,"=""0312353766""","=""9780312353766""",0,4.19,St. Martin's Press,Hardcover,324,1997,1997,,2023/06/14,"to-read, gilmore-girls","to-read (#156), gilmore-girls (#157)",to-read,,,,0,0
12898,Death of a Salesman,Arthur  Miller,"Miller, Arthur",,"=""0435233076""","=""9780435233075""",0,3.56,Heinemann,Hardcover,144,1994,1949,,2023/06/14,"to-read, gilmore-girls","to-read (#157), gilmore-girls (#158)",to-read,,,,0,0
7603,Reading Lolita in Tehran: A Memoir in Books,Azar Nafisi,"Nafisi, Azar",,"=""081297106X""","=""9780812971064""",0,3.64,Random House Trade Paperbacks,Paperback,356,2003,2003,,2023/06/14,"to-read, gilmore-girls","to-read (#151), gilmore-girls (#152)",to-read,,,,0,0
33313,Kitchen Confidential: Adventures in the Culinary Underbelly,Anthony Bourdain,"Bourdain, Anthony",,"=""0060899220""","=""9780060899226""",0,4.14,Ecco/Harper Perennial,Paperback,312,2007,2000,,2023/06/14,"to-read, gilmore-girls","to-read (#152), gilmore-girls (#153)",to-read,,,,0,0
821611,The Story of My Life,Helen Keller,"Keller, Helen",,"=""0553213873""","=""9780553213874""",0,4.08,Bantam Classics,Mass Market Paperback,240,1990,1902,,2023/06/14,"to-read, gilmore-girls","to-read (#153), gilmore-girls (#154)",to-read,,,,0,0
457264,The Second Sex,Simone de Beauvoir,"Beauvoir, Simone de","H.M. Parshley, Deirdre Bair","=""0679724516""","=""9780679724513""",0,4.16,Vintage,Paperback,746,1989,1949,,2023/06/14,"to-read, gilmore-girls","to-read (#154), gilmore-girls (#155)",to-read,,,,0,0
46787,Uncle Tom's Cabin,Harriet Beecher Stowe,"Stowe, Harriet Beecher",,"=""""","=""""",0,3.90,Wordsworth Classics,Paperback,438,1999,1852,,2023/06/14,"to-read, gilmore-girls","to-read (#155), gilmore-girls (#156)",to-read,,,,0,0
32145,Stiff: The Curious Lives of Human Cadavers,Mary Roach,"Roach, Mary",,"=""0393324826""","=""9780393324822""",0,4.06,W. W. Norton  Company,Paperback,303,2004,2003,,2023/06/14,"to-read, gilmore-girls","to-read (#150), gilmore-girls (#151)",to-read,,,,0,0
1381,The Odyssey,Homer,"Homer, Homer","Bernard Knox, Robert Fagles","=""0143039954""","=""9780143039952""",0,3.80,Penguin Classics ,Paperback,541,2006,-700,,2023/06/14,"to-read, gilmore-girls","to-read (#146), gilmore-girls (#147)",to-read,,,,0,0
5826,Bel Canto,Ann Patchett,"Patchett, Ann",,"=""""","=""""",0,3.93,Harper Perennial,Paperback,318,2023,2001,,2023/06/14,"to-read, gilmore-girls","to-read (#147), gilmore-girls (#148)",to-read,,,,0,0
2122,The Fountainhead,Ayn Rand,"Rand, Ayn",Leonard Peikoff,"=""""","=""""",0,3.88,Signet Book,Mass Market Paperback,704,1996,1943,,2023/06/14,"to-read, gilmore-girls","to-read (#148), gilmore-girls (#149)",to-read,,,,0,0
533465,Balzac and the Little Chinese Seamstress,Dai Sijie,"Sijie, Dai",Ina Rilke,"=""0385722206""","=""9780385722209""",0,3.64,Anchor Books,Paperback,184,2002,2000,,2023/06/14,"to-read, gilmore-girls","to-read (#149), gilmore-girls (#150)",to-read,,,,0,0
14940,Who's Afraid of Virginia Woolf?,Edward Albee,"Albee, Edward",,"=""0451218590""","=""9780451218599""",0,4.06,Berkley,Paperback,272,2006,1962,,2023/06/14,"to-read, gilmore-girls","to-read (#144), gilmore-girls (#145)",to-read,,,,0,0
17250,The Crucible: A Play in Four Acts,Arthur  Miller,"Miller, Arthur",Christopher W.E. Bigsby,"=""0142437336""","=""9780142437339""",0,3.60,Penguin Books,Paperback,143,2003,1953,,2023/06/14,"to-read, gilmore-girls","to-read (#145), gilmore-girls (#146)",to-read,,,,0,0
3431,The Five People You Meet in Heaven,Mitch Albom,"Albom, Mitch",,"=""""","=""""",0,3.98,Hyperion,Paperback,196,2003,2003,,2023/06/14,"to-read, gilmore-girls","to-read (#140), gilmore-girls (#141)",to-read,,,,0,0
331319,An American Tragedy,Theodore Dreiser,"Dreiser, Theodore",Richard R. Lingeman,"=""0451527704""","=""9780451527707""",0,3.96,Signet Classics,Mass Market Paperback,859,2000,1925,,2023/06/14,"to-read, gilmore-girls","to-read (#141), gilmore-girls (#142)",to-read,,,,0,0
46231,The Portable Dorothy Parker,Dorothy Parker,"Parker, Dorothy",Brendan Gill,"=""0140150749""","=""9780140150742""",0,4.34,Penguin Books,Paperback,610,1976,1944,,2023/06/14,"to-read, gilmore-girls","to-read (#142), gilmore-girls (#143)",to-read,,,,0,0
23919,The Complete Stories and Poems,Edgar Allan Poe,"Poe, Edgar Allan",,"=""0385074077""","=""9780385074070""",0,4.38,"Doubleday & Company, Inc.",Hardcover,821,1984,1849,,2023/06/14,"to-read, gilmore-girls","to-read (#143), gilmore-girls (#144)",to-read,,,,0,0
338798,Ulysses,James Joyce,"Joyce, James","Morris L. Ernst, John M. Woolsey","=""""","=""""",0,3.75,Vintage,Paperback,783,1990,1922,,2023/06/14,"to-read, gilmore-girls","to-read (#135), gilmore-girls (#136)",to-read,,,,0,0
27494,Leaves of Grass,Walt Whitman,"Whitman, Walt",,"=""""","=""""",0,4.12,Simon  Schuster,Paperback,624,2006,1855,,2023/06/14,"to-read, gilmore-girls","to-read (#136), gilmore-girls (#137)",to-read,,,,0,0
16527,Daughter of Fortune,Isabel Allende,"Allende, Isabel",,"=""0061120251""","=""9780061120251""",0,3.93,Harper Perennial,Paperback,432,2006,1998,,2023/06/14,"to-read, gilmore-girls","to-read (#137), gilmore-girls (#138)",to-read,,,,0,0
9777,The God of Small Things,Arundhati Roy,"Roy, Arundhati",,"=""0679457313""","=""9780679457312""",0,3.95,Random House,Paperback,321,1997,1997,,2023/06/14,"to-read, gilmore-girls","to-read (#138), gilmore-girls (#139)",to-read,,,,0,0
12220,A Streetcar Named Desire,Tennessee Williams,"Williams, Tennessee",,"=""0822210894""","=""9780822210894""",0,3.98,"Dramatists Play Service, Inc.",Paperback,107,1998,1947,,2023/06/14,"to-read, gilmore-girls","to-read (#139), gilmore-girls (#140)",to-read,,,,0,0
32067,Lady Chatterley's Lover,D.H. Lawrence,"Lawrence, D.H.","Doris Lessing, Michael Squires, Paul Poplawski, Chester Brown","=""""","=""""",0,3.50,Penguin Classics,Paperback,364,2006,1928,,2023/06/14,"to-read, gilmore-girls","to-read (#134), gilmore-girls (#135)",to-read,,,,0,0
781787,Out of Africa,Karen Blixen,"Blixen, Karen",Isak Dinesen,"=""0679600213""","=""9780679600213""",0,3.92,The Modern Library,Hardcover,401,1992,1937,,2023/06/14,"to-read, gilmore-girls","to-read (#130), gilmore-girls (#131)",to-read,,,,0,0
45195,A Passage to India,E.M. Forster,"Forster, E.M.","Oliver Stallybrass, Pankaj Mishra","=""014144116X""","=""9780141441160""",0,3.68,Penguin Books,Paperback,376,2005,1924,,2023/06/14,"to-read, gilmore-girls","to-read (#131), gilmore-girls (#132)",to-read,,,,0,0
7815,The Year of Magical Thinking,Joan Didion,"Didion, Joan",,"=""1400078431""","=""9781400078431""",0,3.93,Vintage,Paperback,227,2007,2005,,2023/06/14,"to-read, gilmore-girls","to-read (#132), gilmore-girls (#133)",to-read,,,,0,0
14595,Please Kill Me: The Uncensored Oral History of Punk,Legs McNeil,"McNeil, Legs",Gillian McCain,"=""0802142648""","=""9780802142641""",0,4.18,Grove Press,Paperback,488,2006,1996,,2023/06/14,"to-read, gilmore-girls","to-read (#133), gilmore-girls (#134)",to-read,,,,0,0
21996,The Devil in the White City,Erik Larson,"Larson, Erik",Tony Goldwyn,"=""0739303406""","=""9780739303405""",0,4.00,Random House Audio Publishing Group,Audio Cassette,15,2003,2003,,2023/06/14,"to-read, gilmore-girls","to-read (#126), gilmore-girls (#127)",to-read,,,,0,0
4137,Me Talk Pretty One Day,David Sedaris,"Sedaris, David",,"=""0349113912""","=""9780349113913""",0,4.00,"Little, Brown and Company",Paperback,272,2001,2000,,2023/06/14,"to-read, gilmore-girls","to-read (#127), gilmore-girls (#128)",to-read,,,,0,0
3985,The Amazing Adventures of Kavalier & Clay,Michael Chabon,"Chabon, Michael",,"=""0312282990""","=""9780312282998""",0,4.18,Picador USA,Paperback,639,2001,2000,,2023/06/14,"to-read, gilmore-girls","to-read (#128), gilmore-girls (#129)",to-read,,,,0,0
5148,A Separate Peace,John Knowles,"Knowles, John",,"=""""","=""""",0,3.59,Scribner,Paperback,208,2003,1959,,2023/06/14,"to-read, gilmore-girls","to-read (#129), gilmore-girls (#130)",to-read,,,,0,0
10629,Christine,Stephen King,"King, Stephen",Marie Milpois,"=""2253147699""","=""9782253147695""",0,3.83,LGF,Paperback,411,2001,1983,,2023/06/14,"to-read, gilmore-girls","to-read (#124), gilmore-girls (#125)",to-read,,,,0,0
5797,Vanity Fair,William Makepeace Thackeray,"Thackeray, William Makepeace",John Carey,"=""0141439831""","=""9780141439839""",0,3.80,Penguin Books,Paperback,867,2003,1847,,2023/06/14,"to-read, gilmore-girls","to-read (#125), gilmore-girls (#126)",to-read,,,,0,0
68783,"Girl, Interrupted",Susanna Kaysen,"Kaysen, Susanna",,"=""0679746048""","=""9780679746041""",0,3.92,Vintage ,Paperback,169,1994,1993,,2023/06/14,"to-read, gilmore-girls","to-read (#119), gilmore-girls (#120)",to-read,,,,0,0
33917,The Namesake,Jhumpa Lahiri,"Lahiri, Jhumpa",,"=""0618485228""","=""9780618485222""",0,4.01,Mariner / Houghton Mifflin,Paperback,291,2003,2003,,2023/06/14,"to-read, gilmore-girls","to-read (#120), gilmore-girls (#121)",to-read,,,,0,0
6900,Tuesdays with Morrie,Mitch Albom,"Albom, Mitch",,"=""""","=""""",0,4.16,Warner,Paperback,210,2000,1997,,2023/06/14,"to-read, gilmore-girls","to-read (#121), gilmore-girls (#122)",to-read,,,,0,0
50833,Valley of the Dolls,Jacqueline Susann,"Susann, Jacqueline",,"=""0739418378""","=""9780739418376""",0,3.81,Grove Press,,449,1997,1966,,2023/06/14,"to-read, gilmore-girls","to-read (#122), gilmore-girls (#123)",to-read,,,,0,0
17716,Waiting for Godot,Samuel Beckett,"Beckett, Samuel",,"=""""","=""""",0,3.84,Grove,Paperback,109,2011,1952,,2023/06/14,"to-read, gilmore-girls","to-read (#123), gilmore-girls (#124)",to-read,,,,0,0
17690,The Trial,Franz Kafka,"Kafka, Franz","Max Brod, Willa Muir, Edwin Muir","=""""","=""""",0,3.96,Vintage,Paperback,255,2001,1925,,2023/06/14,"to-read, gilmore-girls","to-read (#117), gilmore-girls (#118)",to-read,,,,0,0
6656,The Divine Comedy,Dante Alighieri,"Alighieri, Dante","Allen Mandelbaum, Eugenio Montale, Peter Armour, Sandro Botticelli","=""0679433139""","=""9780679433132""",0,4.07,Everyman's Library,Hardcover,798,1995,1320,,2023/06/14,"to-read, gilmore-girls","to-read (#118), gilmore-girls (#119)",to-read,,,,0,0
117833,The Master and Margarita,Mikhail Bulgakov,"Bulgakov, Mikhail","Katherine Tiernan O'Connor, Ellendea Proffer, Diana Lewis Burgin, Hans Fronius","=""0679760806""","=""9780679760801""",0,4.29,Vintage International,Paperback,372,1996,1967,,2023/06/14,"to-read, gilmore-girls","to-read (#114), gilmore-girls (#115)",to-read,,,,0,0
42038,Shakespeare's Sonnets,William Shakespeare,"Shakespeare, William",Katherine Duncan-Jones,"=""1903436575""","=""9781903436578""",0,4.25,Bloomsbury Arden Shakespeare,Paperback,488,1997,1609,,2023/06/14,"to-read, gilmore-girls","to-read (#115), gilmore-girls (#116)",to-read,,,,0,0
180617,Pinocchio,Carlo Collodi,"Collodi, Carlo","John Boyne, Gioia Fiammenghi, Mattotti, Elizabeth Parrocha-Doctolero","=""0140382623""","=""9780140382624""",0,3.85,Puffin Books,Paperback,262,1996,1883,,2023/06/14,"to-read, gilmore-girls","to-read (#116), gilmore-girls (#117)",to-read,,,,0,0
17160901,Rapunzel,Jacob Grimm,"Grimm, Jacob",Wilhelm Grimm,"=""""","=""""",0,3.76,,,32,,1812,,2023/06/14,"to-read, gilmore-girls","to-read (#109), gilmore-girls (#110)",to-read,,,,0,0
10917,My Sister's Keeper,Jodi Picoult,"Picoult, Jodi",,"=""0743454537""","=""9780743454537""",0,4.09,Washington Square Press,Paperback,423,2005,2004,,2023/06/14,"to-read, gilmore-girls","to-read (#110), gilmore-girls (#111)",to-read,,,,0,0
228296,"Rosemary's Baby (Rosemary's Baby, #1)",Ira Levin,"Levin, Ira",,"=""0451194004""","=""9780451194008""",0,4.03,Signet,Hardcover,308,1997,1967,,2023/06/14,"to-read, gilmore-girls","to-read (#111), gilmore-girls (#112)",to-read,,,,0,0
46164,Tender Is the Night,F. Scott Fitzgerald,"Fitzgerald, F. Scott",Amor Towles,"=""""","=""""",0,3.79,Scribner,Paperback,430,1995,1934,,2023/06/14,"to-read, gilmore-girls","to-read (#112), gilmore-girls (#113)",to-read,,,,0,0
1869,Nickel and Dimed: On (Not) Getting by in America,Barbara Ehrenreich,"Ehrenreich, Barbara",,"=""0805063897""","=""9780805063899""",0,3.65,Owl Books (Henry Holt),Paperback,240,2002,2001,,2023/06/14,"to-read, gilmore-girls","to-read (#113), gilmore-girls (#114)",to-read,,,,0,0
12749,Swann’s Way,Marcel Proust,"Proust, Marcel",Lydia Davis,"=""0142437964""","=""9780142437964""",0,4.14,Penguin Classics,Paperback,444,2004,1913,,2023/06/14,"to-read, gilmore-girls","to-read (#106), gilmore-girls (#107)",to-read,,,,0,0
1111762,Stuart Little,E.B. White,"White, E.B.",Garth Williams,"=""0060263954""","=""9780060263959""",0,3.90,Harper & Row,Hardcover,131,1973,1945,,2023/06/14,"to-read, gilmore-girls","to-read (#105), gilmore-girls (#106)",to-read,,,,0,0
77013,As I Lay Dying,William Faulkner,"Faulkner, William",,"=""""","=""""",0,3.71,Vintage,Paperback,288,1991,1930,,2023/06/14,"to-read, gilmore-girls","to-read (#104), gilmore-girls (#105)",to-read,,,,0,0
13006,Julius Caesar,William Shakespeare,"Shakespeare, William","Harold Bloom, Roma Gill, William Allan Neilson","=""0198320272""","=""9780198320272""",0,3.70,Oxford University Press,Paperback,175,2002,1599,,2023/06/14,"to-read, gilmore-girls","to-read (#107), gilmore-girls (#108)",to-read,,,,0,0
2696,The Canterbury Tales,Geoffrey Chaucer,"Chaucer, Geoffrey",Nevill Coghill,"=""0140424385""","=""9780140424386""",0,3.52,Penguin Books/Penguin Classics,Paperback,521,2003,1400,,2023/06/14,"to-read, gilmore-girls","to-read (#108), gilmore-girls (#109)",to-read,,,,0,0
18373,Flowers for Algernon,Daniel Keyes,"Keyes, Daniel",,"=""""","=""""",0,4.19,Harvest Books,Paperback,311,2005,1959,,2023/06/14,"to-read, gilmore-girls","to-read (#103), gilmore-girls (#104)",to-read,,,,0,0
117837,Heart of Darkness,Joseph Conrad,"Conrad, Joseph",Stanley Appelbaum,"=""0486264645""","=""9780486264646""",0,3.43,Dover Publications,Paperback,72,1990,1899,,2023/06/14,"to-read, gilmore-girls","to-read (#99), gilmore-girls (#99)",to-read,,,,0,0
28381,Dead Souls,Nikolai Gogol,"Gogol, Nikolai",Robert A. Maguire,"=""0140448071""","=""9780140448078""",0,3.98,Penguin Classics,Paperback,464,2004,1842,,2023/06/14,"to-read, gilmore-girls","to-read (#100), gilmore-girls (#100)",to-read,,,,0,0
58696,David Copperfield,Charles Dickens,"Dickens, Charles","Jeremy Tambling, E.K. Brown, Phiz","=""""","=""""",0,4.02,Penguin ,Paperback,882,2004,1850,,2023/06/14,"to-read, gilmore-girls","to-read (#101), gilmore-girls (#101)",to-read,,,,0,0
3876,The Sun Also Rises,Ernest Hemingway,"Hemingway, Ernest",,"=""""","=""""",0,3.80,Pan Books,Paperback,189,1957,1926,,2023/06/14,"to-read, gilmore-girls","to-read (#101), gilmore-girls (#102)",to-read,,,,0,0
342994,The Little Match Girl,Hans Christian Andersen,"Andersen, Hans Christian",Rachel Isadora,"=""0439643635""","=""9780439643634""",0,4.09,"Scholastic, Inc.",Paperback,32,2003,1845,,2023/06/14,"to-read, gilmore-girls","to-read (#102), gilmore-girls (#103)",to-read,,,,0,0
2187,Middlesex,Jeffrey Eugenides,"Eugenides, Jeffrey",,"=""0312422156""","=""9780312422158""",0,4.03,Picador USA,Paperback,529,2002,2002,,2023/06/14,"to-read, gilmore-girls","to-read (#98), gilmore-girls (#98)",to-read,,,,0,0
22034,"The Godfather (The Godfather, #1)",Mario Puzo,"Puzo, Mario","Robert Thompson, Peter Bart","=""""","=""""",0,4.38,NAL,Paperback,448,2002,1969,,2023/06/14,"to-read, gilmore-girls","to-read (#95), gilmore-girls (#95)",to-read,,,,0,0
285092,High Fidelity,Nick Hornby,"Hornby, Nick",,"=""1573225517""","=""9781573225519""",0,3.92,Riverhead Books,Paperback,340,1996,1995,,2023/06/14,"to-read, gilmore-girls","to-read (#96), gilmore-girls (#96)",to-read,,,,0,0
37442,"Wicked: The Life and Times of the Wicked Witch of the West (The Wicked Years, #1)",Gregory Maguire,"Maguire, Gregory",Douglas Smith,"=""0060987103""","=""9780060987107""",0,3.54,ReganBooks,Paperback,406,2000,1995,,2023/06/14,"to-read, gilmore-girls","to-read (#97), gilmore-girls (#97)",to-read,,,,0,0
13214,"I Know Why the Caged Bird Sings (Maya Angelou's Autobiography, #1)",Maya Angelou,"Angelou, Maya",,"=""0553279378""","=""9780553279375""",0,4.28,Bantam Books,Paperback,289,1993,1969,,2023/06/14,"to-read, gilmore-girls","to-read (#90), gilmore-girls (#90)",to-read,,,,0,0
11623,The Unabridged Journals of Sylvia Plath,Sylvia Plath,"Plath, Sylvia",Karen V. Kukil,"=""0385720254""","=""9780385720250""",0,4.23,Anchor,Paperback,732,2000,2000,,2023/06/14,"to-read, gilmore-girls","to-read (#91), gilmore-girls (#91)",to-read,,,,0,0
30597,The Hunchback of Notre-Dame,Victor Hugo,"Hugo, Victor","Walter J. Cobb, Lucie Konvičková","=""0451527887""","=""9780451527882""",0,4.01,Signet Classics,Paperback,510,2001,1831,,2023/06/14,"to-read, gilmore-girls","to-read (#92), gilmore-girls (#92)",to-read,,,,0,0
153747,"Moby-Dick or, the Whale",Herman Melville,"Melville, Herman","Andrew Delbanco, Tom Quirk, William Hootkins, Rockwell Kent, Anton Lomaev","=""0142437247""","=""9780142437247""",0,3.53,Penguin Classics ,Paperback,654,2003,1851,,2023/06/14,"to-read, gilmore-girls","to-read (#93), gilmore-girls (#93)",to-read,,,,0,0
7714,Pygmalion,George Bernard Shaw,"Shaw, George Bernard",,"=""0486282228""","=""9780486282220""",0,3.89,Dover Publications,Paperback,82,1994,1914,,2023/06/14,"to-read, gilmore-girls","to-read (#94), gilmore-girls (#94)",to-read,,,,0,0
58345,The Awakening,Kate Chopin,"Chopin, Kate",,"=""0543898083""","=""9780543898081""",0,3.67,Elibron Classics,Paperback,195,2006,1899,,2023/06/14,"to-read, gilmore-girls","to-read (#89), gilmore-girls (#89)",to-read,,,,0,0
14891,A Tree Grows in Brooklyn,Betty  Smith,"Smith, Betty",,"=""0061120073""","=""9780061120077""",0,4.29,HarperCollins Publishers,Paperback,496,2006,1943,,2023/06/14,"to-read, gilmore-girls","to-read (#84), gilmore-girls (#84)",to-read,,,,0,0
10534,The Art of War,Sun Tzu,"Tzu, Sun",Thomas Cleary,"=""""","=""""",0,3.96,Harper Press,Paperback,273,2005,-400,,2023/06/14,"to-read, gilmore-girls","to-read (#85), gilmore-girls (#85)",to-read,,,,0,0
227463,A Clockwork Orange,Anthony Burgess,"Burgess, Anthony",Κώστας Γαλανόπουλος,"=""""","=""""",0,4.00,W. W. Norton & Company,Paperback,192,1986,1962,,2023/06/14,"to-read, gilmore-girls","to-read (#86), gilmore-girls (#86)",to-read,,,,0,0
52357,Beowulf,Unknown,"Unknown, Unknown","Seamus Heaney, William Morris, Chauncey Brewster Tinker, John Lesslie Hall","=""0393320979""","=""9780393320978""",0,3.47,W.W. Norton & Company,Paperback,245,2001,900,,2023/06/14,"to-read, gilmore-girls","to-read (#87), gilmore-girls (#87)",to-read,,,,0,0
1617,"Night  (The Night Trilogy, #1)",Elie Wiesel,"Wiesel, Elie","Marion Wiesel, François Mauriac","=""""","=""""",0,4.36,Hill & Wang,Paperback,115,2006,1956,,2023/06/14,"to-read, gilmore-girls","to-read (#88), gilmore-girls (#88)",to-read,,,,0,0
119073,The Name of the Rose,Umberto Eco,"Eco, Umberto",William Weaver,"=""0156001314""","=""9780156001311""",0,4.13,Harvest Books,Paperback,536,1994,1980,,2023/06/14,"to-read, gilmore-girls","to-read (#82), gilmore-girls (#82)",to-read,,,,0,0
1371,The Iliad,Homer,"Homer, Homer","Robert Fagles, Andrew Lang, Alexander Pope, W.H.D. Rouse, Bernard Knox, William Lucas Collins, G. Chapman, Walter Leaf, Ernest Myers, Gilbert Wakefield, Prentiss Cummings, R. Hooper, Richmond Lattimore, G. Cerri","=""0140275363""","=""9780140275360""",0,3.90,Penguin Classics,Paperback,704,1999,-800,,2023/06/14,"to-read, gilmore-girls","to-read (#83), gilmore-girls (#83)",to-read,,,,0,0
656,War and Peace,Leo Tolstoy,"Tolstoy, Leo","Aylmer Maude, Louise Maude","=""""","=""""",0,4.15,Oxford University Press,Paperback,1392,1998,1867,,2023/06/14,"to-read, gilmore-girls","to-read (#81), gilmore-girls (#81)",to-read,,,,0,0
3836,Don Quixote,Miguel de Cervantes Saavedra,"Saavedra, Miguel de Cervantes","Alberto Blecua, Roberto González Echevarría, Peter Anthony Motteux, John Rutherford, John Ozell, Cesco Vian, Alessandra Riccio, Tobias Smollett, Barbara Troiano, Giorgio Di Dio, Paola Cozzi","=""""","=""""",0,3.89,Penguin Books,Paperback,1023,2003,1605,,2023/06/14,"to-read, gilmore-girls","to-read (#75), gilmore-girls (#75)",to-read,,,,0,0
18254,Oliver Twist,Charles Dickens,"Dickens, Charles",Philip Horne,"=""""","=""""",0,3.88,Penguin Books,Paperback,608,2003,1838,,2023/06/14,"to-read, gilmore-girls","to-read (#76), gilmore-girls (#76)",to-read,,,,0,0
252577,"Angela's Ashes (Frank McCourt, #1)",Frank McCourt,"McCourt, Frank",,"=""0007205236""","=""9780007205233""",0,4.14,Harper Perennial,Paperback,452,2005,1996,,2023/06/14,"to-read, gilmore-girls","to-read (#77), gilmore-girls (#77)",to-read,,,,0,0
5113,Franny and Zooey,J.D. Salinger,"Salinger, J.D.",,"=""0316769029""","=""9780316769020""",0,3.96,Back Bay Books,Paperback,201,2001,1957,,2023/06/14,"to-read, gilmore-girls","to-read (#78), gilmore-girls (#78)",to-read,,,,0,0
3087,A Room with a View,E.M. Forster,"Forster, E.M.",Marisa Caramella,"=""1420925431""","=""9781420925432""",0,3.90,Digireads.com,Paperback,119,2005,1908,,2023/06/14,"to-read, gilmore-girls","to-read (#79), gilmore-girls (#79)",to-read,,,,0,0
46199,Letters to a Young Poet,Rainer Maria Rilke,"Rilke, Rainer Maria","Franz Xaver Kappus, Reginald Snell","=""0486422453""","=""9780486422459""",0,4.30,Dover Publications,Paperback,80,2002,1929,,2023/06/14,"to-read, gilmore-girls","to-read (#80), gilmore-girls (#80)",to-read,,,,0,0
9328,The House of the Spirits,Isabel Allende,"Allende, Isabel",Magda Bogin,"=""0553383809""","=""9780553383805""",0,4.27,Dial Press Trade Paperback,Paperback,448,2005,1982,,2023/06/14,"to-read, gilmore-girls","to-read (#73), gilmore-girls (#73)",to-read,,,,0,0
19380,Candide,Voltaire,"Voltaire, Voltaire","Rockwell Kent, Walter Jerrold, Don Hagen, Sara Gioacchino Corcos","=""0486266893""","=""9780486266893""",0,3.76,Dover Publications,Paperback,129,1991,1759,,2023/06/14,"to-read, gilmore-girls","to-read (#74), gilmore-girls (#74)",to-read,,,,0,0
7126,The Count of Monte Cristo,Alexandre Dumas,"Dumas, Alexandre",Robin Buss,"=""0140449264""","=""9780140449266""",0,4.29,Penguin Classics,Paperback,1276,2003,1844,,2023/06/14,"to-read, gilmore-girls","to-read (#69), gilmore-girls (#69)",to-read,,,,0,0
332613,One Flew Over the Cuckoo's Nest,Ken Kesey,"Kesey, Ken",,"=""""","=""""",0,4.20,Signet,Mass Market Paperback,325,1963,1962,,2023/06/14,"to-read, gilmore-girls","to-read (#70), gilmore-girls (#70)",to-read,,,,0,0
168668,Catch-22,Joseph Heller,"Heller, Joseph",,"=""0684833395""","=""9780684833392""",0,3.99,Simon & Schuster ,Paperback,453,2004,1961,,2023/06/14,"to-read, gilmore-girls","to-read (#71), gilmore-girls (#71)",to-read,,,,0,0
37435,The Secret Life of Bees,Sue Monk Kidd,"Kidd, Sue Monk",,"=""0142001740""","=""9780142001745""",0,4.08,Penguin Books,Paperback,302,2003,2001,,2023/06/14,"to-read, gilmore-girls","to-read (#72), gilmore-girls (#72)",to-read,,,,0,0
168642,In Cold Blood,Truman Capote,"Capote, Truman",,"=""0679745580""","=""9780679745587""",0,4.08,Vintage,Paperback,343,1994,1965,,2023/06/14,"to-read, gilmore-girls","to-read (#65), gilmore-girls (#65)",to-read,,,,0,0
52036,Siddhartha,Hermann Hesse,"Hesse, Hermann","Hilda Rosner, Zigmantas Ardickas","=""""","=""""",0,4.06,Bantam Books,Mass Market Paperback,152,1981,1922,,2023/06/14,"to-read, gilmore-girls","to-read (#66), gilmore-girls (#66)",to-read,,,,0,0
6149,Beloved,Toni Morrison,"Morrison, Toni",,"=""""","=""9781400033416""",0,3.93,Vintage,Paperback,324,2004,1987,,2023/06/14,"to-read, gilmore-girls","to-read (#67), gilmore-girls (#67)",to-read,,,,0,0
12996,Othello,William Shakespeare,"Shakespeare, William","Barbara A. Mowat, Paul Werstine","=""""","=""""",0,3.89,Simon & Schuster,Mass Market Paperback,314,2004,1603,,2023/06/14,"to-read, gilmore-girls","to-read (#68), gilmore-girls (#68)",to-read,,,,0,0
11588,"The Shining (The Shining, #1)",Stephen King,"King, Stephen",,"=""0450040186""","=""9780450040184""",0,4.26,New English Library (Hodder & Stoughton) ,Paperback,659,1980,1977,,2023/06/14,"to-read, gilmore-girls","to-read (#64), gilmore-girls (#64)",to-read,,,,0,0
14942,Mrs. Dalloway,Virginia Woolf,"Woolf, Virginia",Maureen Howard,"=""0151009988""","=""9780151009985""",0,3.79,Harcourt,Hardcover,194,2002,1925,,2023/06/14,"to-read, gilmore-girls","to-read (#58), gilmore-girls (#58)",to-read,,,,0,0
1232,"The Shadow of the Wind (The Cemetery of Forgotten Books, #1)",Carlos Ruiz Zafón,"Zafón, Carlos Ruiz",Lucia Graves,"=""""","=""""",0,4.29,Penguin Books,Paperback,487,2005,2001,,2023/06/14,"to-read, gilmore-girls","to-read (#59), gilmore-girls (#59)",to-read,,,,0,0
70401,On the Road,Jack Kerouac,"Kerouac, Jack",,"=""0140042598""","=""9780140042597""",0,3.62,Penguin Books,Paperback,307,1976,1957,,2023/06/14,"to-read, gilmore-girls","to-read (#60), gilmore-girls (#60)",to-read,,,,0,0
113946,How the Grinch Stole Christmas!,Dr. Seuss,"Seuss, Dr.",,"=""0007173040""","=""9780007173044""",0,4.37,Harper Collins Children's Books,Hardcover,64,2004,1957,,2023/06/14,"to-read, gilmore-girls","to-read (#61), gilmore-girls (#61)",to-read,,,,0,0
264158,The Raven,Edgar Allan Poe,"Poe, Edgar Allan",Gustave Doré,"=""0486290727""","=""9780486290720""",0,4.29,Dover Publications,Paperback,64,1996,1845,,2023/06/14,"to-read, gilmore-girls","to-read (#62), gilmore-girls (#62)",to-read,,,,0,0
7763,The Joy Luck Club,Amy Tan,"Tan, Amy",,"=""""","=""""",0,3.96,Penguin Books,Paperback,352,2006,1989,,2023/06/14,"to-read, gilmore-girls","to-read (#63), gilmore-girls (#63)",to-read,,,,0,0
1953,A Tale of Two Cities,Charles Dickens,"Dickens, Charles",Richard Maxwell,"=""0141439602""","=""9780141439600""",0,3.86,Penguin Books,Paperback,489,2003,1859,,2023/06/14,"to-read, gilmore-girls","to-read (#56), gilmore-girls (#56)",to-read,,,,0,0
18114322,The Grapes of Wrath,John Steinbeck,"Steinbeck, John",,"=""067001690X""","=""9780670016907""",0,4.00,Viking,Hardcover,479,2014,1939,,2023/06/14,"to-read, gilmore-girls","to-read (#57), gilmore-girls (#57)",to-read,,,,0,0
10592,Carrie,Stephen King,"King, Stephen",,"=""1416524304""","=""9781416524304""",0,3.98,Pocket,Mass Market Paperback,272,2005,1974,,2023/06/14,"to-read, gilmore-girls","to-read (#52), gilmore-girls (#52)",to-read,,,,0,0
4214,Life of Pi,Yann Martel,"Martel, Yann",,"=""0770430074""","=""9780770430078""",0,3.93,Seal Books,Paperback,460,2006,2001,,2023/06/14,"to-read, gilmore-girls","to-read (#53), gilmore-girls (#53)",to-read,,,,0,0
2623,Great Expectations,Charles Dickens,"Dickens, Charles","Kate Flint, Margaret Cardwell","=""0192833596""","=""9780192833594""",0,3.79,Oxford University Press,Paperback,544,1998,1860,,2023/06/14,"to-read, gilmore-girls","to-read (#54), gilmore-girls (#54)",to-read,,,,0,0
12296,The Scarlet Letter,Nathaniel Hawthorne,"Hawthorne, Nathaniel","Nina Baym, Thomas E. Connolly","=""0142437263""","=""9780142437261""",0,3.43,Penguin Books,Paperback,279,2002,1850,,2023/06/14,"to-read, gilmore-girls","to-read (#55), gilmore-girls (#55)",to-read,,,,0,0
15241,"The Two Towers (The Lord of the Rings, #2)",J.R.R. Tolkien,"Tolkien, J.R.R.","Peter S. Beagle, Дж.Р.Р. Толкін, Аліна Немірова, П. Риженко","=""0618346260""","=""9780618346264""",0,4.47,Houghton Mifflin,Paperback,322,1993,1954,,2023/06/14,"to-read, gilmore-girls","to-read (#46), gilmore-girls (#46)",to-read,,,,0,0
7144,Crime and Punishment,Fyodor Dostoevsky,"Dostoevsky, Fyodor","David McDuff, Joseph Frank","=""0143058142""","=""9780143058144""",0,4.26,Penguin,Paperback,671,2002,1866,,2023/06/14,"to-read, gilmore-girls","to-read (#47), gilmore-girls (#47)",to-read,,,,0,0
12232938,The Lovely Bones,Alice Sebold,"Sebold, Alice",,"=""0316166685""","=""9780316166683""",0,3.85,"Little, Brown and Company",Mass Market Paperback,372,2006,2002,,2023/06/14,"to-read, gilmore-girls","to-read (#48), gilmore-girls (#48)",to-read,,,,0,0
6867,Atonement,Ian McEwan,"McEwan, Ian",,"=""038572179X""","=""9780385721790""",0,3.93,Anchor / Random House,Paperback,351,2003,2001,,2023/06/14,"to-read, gilmore-girls","to-read (#49), gilmore-girls (#49)",to-read,,,,0,0
4981,Slaughterhouse-Five,Kurt Vonnegut Jr.,"Jr., Kurt Vonnegut",,"=""0385333846""","=""9780385333849""",0,4.09,Dial Press,Paperback,275,1999,1969,,2023/06/14,"to-read, gilmore-girls","to-read (#50), gilmore-girls (#50)",to-read,,,,0,0
231804,The Outsiders,S.E. Hinton,"Hinton, S.E.",,"=""""","=""""",0,4.12,Puffin Books (US/CAN),Mass Market Paperback,192,1997,1967,,2023/06/14,"to-read, gilmore-girls","to-read (#51), gilmore-girls (#51)",to-read,,,,0,0
8852,Macbeth,William Shakespeare,"Shakespeare, William","Barbara A. Mowat, Paul Werstine","=""0743477103""","=""9780743477109""",0,3.90,Simon & Schuster,Mass Market Paperback,249,2013,1623,,2023/06/14,"to-read, gilmore-girls","to-read (#40), gilmore-girls (#40)",to-read,,,,0,0
485894,The Metamorphosis,Franz Kafka,"Kafka, Franz",Stanley Corngold,"=""""","=""""",0,3.85,Bantam Classics,Paperback,201,1972,1915,,2023/06/14,"to-read, gilmore-girls","to-read (#41), gilmore-girls (#41)",to-read,,,,0,0
236093,"The Wonderful Wizard of Oz (Oz, #1)",L. Frank Baum,"Baum, L. Frank",W.W. Denslow,"=""0140621679""","=""9780140621679""",0,3.99,Penguin,Paperback,154,1995,1900,,2023/06/14,"to-read, gilmore-girls","to-read (#42), gilmore-girls (#42)",to-read,,,,0,0
18521,A Room of One's Own,Virginia Woolf,"Woolf, Virginia",,"=""""","=""""",0,4.20,Penguin Books,Paperback,112,2000,1929,,2023/06/14,"to-read, gilmore-girls","to-read (#43), gilmore-girls (#43)",to-read,,,,0,0
10956,The Virgin Suicides,Jeffrey Eugenides,"Eugenides, Jeffrey",,"=""0747560595""","=""9780747560593""",0,3.82,Bloomsbury Pub Ltd,Paperback,250,2002,1993,,2023/06/14,"to-read, gilmore-girls","to-read (#44), gilmore-girls (#44)",to-read,,,,0,0
51496,Dr. Jekyll and Mr. Hyde,Robert Louis Stevenson,"Stevenson, Robert Louis","Vladimir Nabokov, Dan Chaon, Jerome Charyn, Simon Vestdijk","=""0451528956""","=""9780451528957""",0,3.83,Signet Classic,Mass Market Paperback,139,2003,1886,,2023/06/14,"to-read, gilmore-girls","to-read (#45), gilmore-girls (#45)",to-read,,,,0,0
24178,Charlotte's Web,E.B. White,"White, E.B.","Garth Williams, Rosemary Wells","=""0064410935""","=""9780064410939""",0,4.19,HarperCollinsPublishers,Paperback,184,2001,1952,,2023/06/14,"to-read, gilmore-girls","to-read (#38), gilmore-girls (#38)",to-read,,,,0,0
320,One Hundred Years of Solitude,Gabriel García Márquez,"Márquez, Gabriel García",Gregory Rabassa,"=""""","=""""",0,4.11,Harper,Mass Market Paperback,417,2003,1967,,2023/06/14,"to-read, gilmore-girls","to-read (#39), gilmore-girls (#39)",to-read,,,,0,0
17899948,Rebecca,Daphne du Maurier,"Maurier, Daphne du",,"=""0316323705""","=""9780316323703""",0,4.24,"Little, Brown and Company",ebook,449,2013,1938,,2023/06/14,"to-read, gilmore-girls","to-read (#34), gilmore-girls (#34)",to-read,,,,0,0
7624,Lord of the Flies,William Golding,"Golding, William",,"=""0140283331""","=""9780140283334""",0,3.69,Penguin Books ,Paperback,182,1999,1954,,2023/06/14,"to-read, gilmore-girls","to-read (#35), gilmore-girls (#35)",to-read,,,,0,0
2175,Madame Bovary,Gustave Flaubert,"Flaubert, Gustave","Mark Overstall, Malcolm Bowie, Margaret Mauldon, Eleanor Marx-Aveling","=""0192840398""","=""9780192840394""",0,3.70,Oxford University Press,Paperback,329,2004,1856,,2023/06/14,"to-read, gilmore-girls","to-read (#36), gilmore-girls (#36)",to-read,,,,0,0
1618,The Curious Incident of the Dog in the Night-Time,Mark Haddon,"Haddon, Mark",,"=""1400032717""","=""9781400032716""",0,3.89,Vintage,Paperback,226,2004,2003,,2023/06/14,"to-read, gilmore-girls","to-read (#37), gilmore-girls (#37)",to-read,,,,0,0
2956,The Adventures of Huckleberry Finn,Mark Twain,"Twain, Mark","Guy Cardwell, E.W. Kemble, John Seelye, Walter Trier, Tom Wilson, William Little Hughes","=""0142437174""","=""9780142437179""",0,3.83,Penguin Classics,Paperback,327,2002,1884,,2023/06/14,"to-read, gilmore-girls","to-read (#30), gilmore-girls (#30)",to-read,,,,0,0
15823480,Anna Karenina,Leo Tolstoy,"Tolstoy, Leo","Aylmer Maude, Louise Maude, Dieter Wellershoff, Bruno Goetz, Lev Tolstoj, Léon Tolstoï","=""""","=""""",0,4.08,Vintage,Paperback,964,2012,1878,,2023/06/14,"to-read, gilmore-girls","to-read (#31), gilmore-girls (#31)",to-read,,,,0,0
890,Of Mice and Men,John Steinbeck,"Steinbeck, John",,"=""0142000671""","=""9780142000670""",0,3.88,Penguin Books,Paperback,107,2002,1937,,2023/06/14,"to-read, gilmore-girls","to-read (#32), gilmore-girls (#32)",to-read,,,,0,0
77203,The Kite Runner,Khaled Hosseini,"Hosseini, Khaled",,"=""""","=""""",0,4.33,Riverhead Books,Paperback,371,2004,2003,,2023/06/14,"to-read, gilmore-girls","to-read (#33), gilmore-girls (#33)",to-read,,,,0,0
968,"The Da Vinci Code (Robert Langdon, #2)",Dan Brown,"Brown, Dan",,"=""""","=""""",0,3.90,Anchor,Paperback,489,2006,2003,,2023/06/14,"to-read, gilmore-girls","to-read (#29), gilmore-girls (#29)",to-read,,,,0,0
5326,A Christmas Carol,Charles Dickens,"Dickens, Charles",,"=""1561797464""","=""9781561797462""",0,4.07,Bethany House Publishers ,Paperback,184,1999,1843,,2023/06/14,"to-read, gilmore-girls","to-read (#23), gilmore-girls (#23)",to-read,,,,0,0
18405,Gone with the Wind,Margaret Mitchell,"Mitchell, Margaret",,"=""""","=""""",0,4.30,Warner Books,Mass Market Paperback,1037,1999,1936,,2023/06/14,"to-read, gilmore-girls","to-read (#24), gilmore-girls (#24)",to-read,,,,0,0
18619684,The Time Traveler's Wife,Audrey Niffenegger,"Niffenegger, Audrey",,"=""""","=""9781939126016""",0,3.99,Zola Books,ebook,537,2013,2003,,2023/06/14,"to-read, gilmore-girls","to-read (#25), gilmore-girls (#25)",to-read,,,,0,0
18512,"The Return of the King (The Lord of the Rings, #3)",J.R.R. Tolkien,"Tolkien, J.R.R.",Maria Skibniewska,"=""""","=""""",0,4.56,Del Rey,Mass Market Paperback,404,2003,1955,,2023/06/14,"to-read, gilmore-girls","to-read (#26), gilmore-girls (#26)",to-read,,,,0,0
6969,Emma,Jane Austen,"Austen, Jane",Fiona Stafford,"=""0141439580""","=""9780141439587""",0,4.04,Penguin Books,Paperback,474,2003,1815,,2023/06/14,"to-read, gilmore-girls","to-read (#27), gilmore-girls (#27)",to-read,,,,0,0
50398,Northanger Abbey,Jane Austen,"Austen, Jane",Alfred Mac Adam,"=""1593082649""","=""9781593082642""",0,3.84,Barnes & Noble Classics,Paperback,260,2005,1817,,2023/06/14,"to-read, gilmore-girls","to-read (#28), gilmore-girls (#28)",to-read,,,,0,0
14935,Sense and Sensibility,Jane Austen,"Austen, Jane","Ros Ballaster, Джейн Остин, Mobile Classics, Силвия Желева","=""""","=""""",0,4.08,Penguin Books,Paperback,409,2003,1811,,2023/06/14,"to-read, gilmore-girls","to-read (#21), gilmore-girls (#21)",to-read,,,,0,0
5129,Brave New World,Aldous Huxley,"Huxley, Aldous",,"=""0060929871""","=""9780060929879""",0,3.99,HarperPerennial / Perennial Classics,Paperback,268,1998,1932,,2023/06/14,"to-read, gilmore-girls","to-read (#22), gilmore-girls (#22)",to-read,,,,0,0
1420,Hamlet,William Shakespeare,"Shakespeare, William","Harold Bloom, André Gide, Rex Gibson, Israel Gollancz, Henry Norman Hudson, L.A. Sherman, Max J. Herzberg, Gregorio Martínez Sierra","=""0521618746""","=""9780521618748""",0,4.02,Cambridge University Press,Paperback,289,2005,1601,,2023/06/14,"to-read, gilmore-girls","to-read (#18), gilmore-girls (#18)",to-read,,,,0,0
18490,Frankenstein,Mary Wollstonecraft Shelley,"Shelley, Mary Wollstonecraft",,"=""0141439475""","=""9780141439471""",0,3.85,Penguin,Paperback,273,2003,1818,,2023/06/14,"to-read, gilmore-girls","to-read (#19), gilmore-girls (#19)",to-read,,,,0,0
5107,The Catcher in the Rye,J.D. Salinger,"Salinger, J.D.",,"=""0316769177""","=""9780316769174""",0,3.80,Back Bay Books,Paperback,277,2001,1951,,2023/06/14,"to-read, gilmore-girls","to-read (#20), gilmore-girls (#20)",to-read,,,,0,0
13023,Alice in Wonderland,Jane Carruth,"Carruth, Jane","Lewis Carroll, Rene Cloke","=""0517223627""","=""9780517223628""",0,4.03,Gramercy,Hardcover,96,2004,1865,,2023/06/14,"to-read, gilmore-girls","to-read (#16), gilmore-girls (#16)",to-read,,,,0,0
3263607,"The Fellowship of the Ring (The Lord of the Rings, #1)",J.R.R. Tolkien,"Tolkien, J.R.R.",,"=""""","=""9780345015339""",0,4.38,Ballantine Books,Mass Market Paperback,527,1973,1954,,2023/06/14,"to-read, gilmore-girls","to-read (#17), gilmore-girls (#17)",to-read,,,,0,0
6514,The Bell Jar,Sylvia Plath,"Plath, Sylvia",,"=""""","=""""",0,4.04,Harper Perennial Modern Classics,Paperback,294,2006,1963,,2023/06/14,"to-read, gilmore-girls","to-read (#14), gilmore-girls (#14)",to-read,,,,0,0
18135,Romeo and Juliet,William Shakespeare,"Shakespeare, William",,"=""""","=""""",0,3.74,Washington Square Press,Mass Market Paperback,281,2002,1597,,2023/06/14,"to-read, gilmore-girls","to-read (#15), gilmore-girls (#15)",to-read,,,,0,0
22628,The Perks of Being a Wallflower,Stephen Chbosky,"Chbosky, Stephen",,"=""""","=""""",0,4.22,MTV Books/Pocket Books,Paperback,213,1999,1999,,2023/06/14,"to-read, gilmore-girls","to-read (#10), gilmore-girls (#10)",to-read,,,,0,0
1934,Little Women,Louisa May Alcott,"Alcott, Louisa May","Regina Barreca, Grzegorz Komerski, Marta Fihel","=""""","=""""",0,4.14,Signet Classics,Paperback,449,2004,1868,,2023/06/14,"to-read, gilmore-girls","to-read (#11), gilmore-girls (#11)",to-read,,,,0,0
6185,Wuthering Heights,Emily Brontë,"Brontë, Emily","Richard J. Dunn, Charlotte Brontë, John Bugg, Robert Heindel","=""""","=""""",0,3.88,Norton,Paperback,464,2002,1847,,2023/06/14,"to-read, gilmore-girls","to-read (#12), gilmore-girls (#12)",to-read,,,,0,0
17470674,Fahrenheit 451,Ray Bradbury,"Bradbury, Ray",,"=""0007491565""","=""9780007491568""",0,3.97,Harper Voyager,Hardcover,227,2013,1953,,2023/06/14,"to-read, gilmore-girls","to-read (#13), gilmore-girls (#13)",to-read,,,,0,0
40961427,1984,George Orwell,"Orwell, George",,"=""""","=""""",0,4.19,Houghton Mifflin Harcourt,Kindle Edition,298,2013,1949,,2023/06/14,"to-read, gilmore-girls","to-read (#6), gilmore-girls (#6)",to-read,,,,0,0
5297,The Picture of Dorian Gray,Oscar Wilde,"Wilde, Oscar",Jeffrey Eugenides,"=""""","=""""",0,4.12,Random House: Modern Library,Paperback,272,2004,1890,,2023/06/14,"to-read, gilmore-girls","to-read (#7), gilmore-girls (#7)",to-read,,,,0,0
10210,Jane Eyre,Charlotte Brontë,"Brontë, Charlotte",Michael Mason,"=""0142437204""","=""9780142437209""",0,4.14,Penguin,Paperback,532,2003,1847,,2023/06/14,"to-read, gilmore-girls","to-read (#8), gilmore-girls (#8)",to-read,,,,0,0
48855,The Diary of a Young Girl,Anne Frank,"Frank, Anne","Eleanor Roosevelt, Susan Massotty, Γιάννης Θωμόπουλος, Barbara Mooyaart-Doubleday, Otto H. Frank, Mirjam Pressler","=""""","=""""",0,4.18,Bantam,Mass Market Paperback,283,1993,1947,,2023/06/14,"to-read, gilmore-girls","to-read (#9), gilmore-girls (#9)",to-read,,,,0,0
3,"Harry Potter and the Sorcerer's Stone (Harry Potter, #1)",J.K. Rowling,"Rowling, J.K.",,"=""""","=""""",0,4.47,Scholastic Inc,Hardcover,309,2003,1997,,2023/06/14,"to-read, gilmore-girls","to-read (#1), gilmore-girls (#1)",to-read,,,,0,0
1885,Pride and Prejudice,Jane Austen,"Austen, Jane",Anna Quindlen,"=""""","=""""",0,4.28,Modern Library,Paperback,279,2000,1813,,2023/06/14,"to-read, gilmore-girls","to-read (#2), gilmore-girls (#2)",to-read,,,,0,0
6,"Harry Potter and the Goblet of Fire (Harry Potter, #4)",J.K. Rowling,"Rowling, J.K.","Mary GrandPré, Jim Kay","=""""","=""""",0,4.56,Scholastic,Paperback,734,2002,2000,,2023/06/14,"to-read, gilmore-girls","to-read (#3), gilmore-girls (#3)",to-read,,,,0,0
4671,The Great Gatsby,F. Scott Fitzgerald,"Fitzgerald, F. Scott",,"=""""","=""""",0,3.93,Scribner,Paperback,180,1925,1925,,2023/06/14,"to-read, gilmore-girls","to-read (#4), gilmore-girls (#4)",to-read,,,,0,0
2657,To Kill a Mockingbird,Harper Lee,"Lee, Harper",,"=""""","=""""",0,4.27,Harper Perennial Modern Classics ,Paperback,323,2006,1960,,2023/06/14,"to-read, gilmore-girls","to-read (#5), gilmore-girls (#5)",to-read,,,,0,0
